id_rental,vehicle_type,id_vehicle
42,Mobil,MBL0013
88,Mobil,MBL0027
2,Mobil,MBL0028
27,Mobil,MBL005
99,Motor,MTR004
77,Mobil,MBL0022
92,Motor,MTR0034
56,Mobil,MBL0022
89,Mobil,MBL003
95,Motor,MTR0023
73,Mobil,MBL003
28,Mobil,MBL0032
97,Mobil,MBL0023
58,Mobil,MBL0024
39,Mobil,MBL0033
73,Mobil,MBL0018
80,Motor,MTR0032
33,Mobil,MBL006
107,Motor,MTR0022
61,Mobil,MBL0041
36,Mobil,MBL0031
104,Mobil,MBL0021
35,Mobil,MBL0036
6,Motor,MTR0029
5,Mobil,MBL0026
56,Mobil,MBL0023
15,Mobil,MBL0030
32,Motor,MTR007
85,Mobil,MBL0034
87,Mobil,MBL0019
99,Motor,MTR0020
52,Motor,MTR0036
86,Mobil,MBL0042
119,Mobil,MBL0016
35,Mobil,MBL0026
48,Motor,MTR0015
93,Mobil,MBL005
83,Mobil,MBL0011
3,Mobil,MBL004
51,Motor,MTR0039
64,Mobil,MBL002
36,Mobil,MBL0024
92,Motor,MTR0039
53,Motor,MTR0029
100,Mobil,MBL0034
125,Mobil,MBL0025
38,Mobil,MBL0018
58,Mobil,MBL0029
60,Mobil,MBL0038
83,Mobil,MBL0026
114,Motor,MTR0013
104,Mobil,MBL002
115,Mobil,MBL0037
116,Motor,MTR0033
117,Mobil,MBL0011
60,Mobil,MBL007
35,Mobil,MBL0032
39,Mobil,MBL0026
119,Mobil,MBL0013
96,Motor,MTR0025
71,Mobil,MBL006
28,Mobil,MBL0012
80,Motor,MTR0022
9,Motor,MTR0016
32,Motor,MTR0026
125,Mobil,MBL0014
8,Motor,MTR0016
96,Motor,MTR0011
45,Motor,MTR004
42,Mobil,MBL001
82,Mobil,MBL0030
20,Mobil,MBL0042
15,Mobil,MBL0019
15,Mobil,MBL004
20,Mobil,MBL0034
53,Motor,MTR0032
24,Mobil,MBL0028
89,Mobil,MBL0020
93,Mobil,MBL0011
7,Mobil,MBL0015
64,Mobil,MBL007
43,Motor,MTR0037
52,Motor,MTR003
13,Mobil,MBL0034
100,Mobil,MBL0013
23,Mobil,MBL0040
10,Motor,MTR007
86,Mobil,MBL0038
83,Mobil,MBL0012
44,Motor,MTR0016
15,Mobil,MBL0023
58,Mobil,MBL0037
18,Mobil,MBL0024
37,Mobil,MBL0035
108,Motor,MTR0014
106,Motor,MTR0036
24,Mobil,MBL004
85,Mobil,MBL0013
97,Mobil,MBL0026
3,Mobil,MBL003
122,Motor,MTR0015
33,Mobil,MBL0041
115,Mobil,MBL0025
25,Mobil,MBL0013
115,Mobil,MBL003
45,Motor,MTR007
122,Motor,MTR009
64,Mobil,MBL0010
22,Mobil,MBL0021
105,Mobil,MBL009
119,Mobil,MBL0039
68,Mobil,MBL0011
48,Motor,MTR0037
94,Motor,MTR0034
41,Mobil,MBL0032
103,Motor,MTR008
118,Motor,MTR009
115,Mobil,MBL0038
81,Motor,MTR0032
122,Motor,MTR0027
28,Mobil,MBL0021
49,Motor,MTR0028
48,Motor,MTR0016
110,Motor,MTR0037
124,Motor,MTR0034
50,Motor,MTR0030
74,Mobil,MBL0025
69,Mobil,MBL0032
109,Motor,MTR001
75,Mobil,MBL0015
116,Motor,MTR0026
91,Mobil,MBL0012
80,Motor,MTR006
55,Mobil,MBL009
86,Mobil,MBL004
23,Mobil,MBL0026
90,Motor,MTR0017
101,Mobil,MBL0033
65,Mobil,MBL0020
37,Mobil,MBL0031
6,Motor,MTR001
14,Mobil,MBL006
79,Motor,MTR0015
90,Motor,MTR005
81,Motor,MTR0033
29,Mobil,MBL0018
58,Mobil,MBL0014
75,Mobil,MBL0037
39,Mobil,MBL0036
76,Mobil,MBL0038
112,Motor,MTR0037
48,Motor,MTR0034
50,Motor,MTR0011
56,Mobil,MBL0016
64,Mobil,MBL0020
73,Mobil,MBL0014
96,Motor,MTR008
3,Mobil,MBL0038
99,Motor,MTR002
104,Mobil,MBL0028
38,Mobil,MBL0028
123,Mobil,MBL0027
25,Mobil,MBL0019
66,Mobil,MBL006
120,Motor,MTR0026
42,Mobil,MBL005
125,Mobil,MBL0041
90,Motor,MTR007
13,Mobil,MBL0036
90,Motor,MTR0039
78,Motor,MTR001
93,Mobil,MBL0036
119,Mobil,MBL0023
75,Mobil,MBL0035
9,Motor,MTR0025
47,Motor,MTR0027
65,Mobil,MBL0023
33,Mobil,MBL0029
77,Mobil,MBL0032
35,Mobil,MBL0030
88,Mobil,MBL006
13,Mobil,MBL0029
101,Mobil,MBL006
60,Mobil,MBL0030
22,Mobil,MBL0017
58,Mobil,MBL0023
72,Mobil,MBL006
56,Mobil,MBL0024
89,Mobil,MBL0021
67,Mobil,MBL0042
32,Motor,MTR0027
32,Motor,MTR006
51,Motor,MTR0011
66,Mobil,MBL008
68,Mobil,MBL0025
62,Motor,MTR0018
36,Mobil,MBL0021
2,Mobil,MBL0033
113,Mobil,MBL0015
13,Mobil,MBL0023
58,Mobil,MBL0021
89,Mobil,MBL0038
75,Mobil,MBL003
18,Mobil,MBL002
29,Mobil,MBL004
95,Motor,MTR003
125,Mobil,MBL0039
35,Mobil,MBL0018
47,Motor,MTR003
56,Mobil,MBL0012
128,Motor,MTR0014
57,Mobil,MBL0029
61,Mobil,MBL001
84,Mobil,MBL0012
93,Mobil,MBL0041
65,Mobil,MBL0024
104,Mobil,MBL0015
32,Motor,MTR0021
96,Motor,MTR0032
77,Mobil,MBL0029
104,Mobil,MBL006
82,Mobil,MBL0017
114,Motor,MTR0014
83,Mobil,MBL0034
117,Mobil,MBL007
64,Mobil,MBL0012
88,Mobil,MBL007
127,Mobil,MBL0029
101,Mobil,MBL0021
74,Mobil,MBL0041
24,Mobil,MBL0022
34,Mobil,MBL0019
34,Mobil,MBL0021
127,Mobil,MBL0034
47,Motor,MTR0026
95,Motor,MTR008
107,Motor,MTR0028
40,Mobil,MBL0012
81,Motor,MTR0038
81,Motor,MTR0012
121,Mobil,MBL0020
85,Mobil,MBL0026
34,Mobil,MBL0016
12,Mobil,MBL0021
19,Mobil,MBL0022
61,Mobil,MBL0019
106,Motor,MTR008
128,Motor,MTR0013
112,Motor,MTR0038
124,Motor,MTR0030
17,Mobil,MBL0033
123,Mobil,MBL0012
8,Motor,MTR0032
25,Mobil,MBL0030
54,Motor,MTR0023
81,Motor,MTR0026
94,Motor,MTR0025
32,Motor,MTR009
38,Mobil,MBL0039
33,Mobil,MBL0012
77,Mobil,MBL0014
68,Mobil,MBL0013
87,Mobil,MBL0022
10,Motor,MTR0036
98,Motor,MTR004
40,Mobil,MBL0016
40,Mobil,MBL0029
84,Mobil,MBL006
54,Motor,MTR008
102,Motor,MTR0013
47,Motor,MTR002
27,Mobil,MBL0019
45,Motor,MTR0038
88,Mobil,MBL0025
32,Motor,MTR0016
70,Mobil,MBL005
119,Mobil,MBL0025
35,Mobil,MBL0020
107,Motor,MTR0013
45,Motor,MTR0010
46,Motor,MTR002
42,Mobil,MBL007
60,Mobil,MBL006
87,Mobil,MBL002
80,Motor,MTR0030
14,Mobil,MBL0038
23,Mobil,MBL0031
91,Mobil,MBL0022
1,Motor,MTR0011
104,Mobil,MBL0030
108,Motor,MTR0027
120,Motor,MTR0037
8,Motor,MTR0037
47,Motor,MTR0015
14,Mobil,MBL009
65,Mobil,MBL0034
45,Motor,MTR0016
71,Mobil,MBL0041
29,Mobil,MBL0039
100,Mobil,MBL004
110,Motor,MTR0014
3,Mobil,MBL0031
59,Mobil,MBL0012
23,Mobil,MBL0025
127,Mobil,MBL0037
17,Mobil,MBL0026
62,Motor,MTR0019
65,Mobil,MBL0019
10,Motor,MTR0029
97,Mobil,MBL0039
60,Mobil,MBL0017
16,Mobil,MBL0041
117,Mobil,MBL0019
93,Mobil,MBL0025
25,Mobil,MBL0028
109,Motor,MTR009
28,Mobil,MBL009
40,Mobil,MBL0042
61,Mobil,MBL009
5,Mobil,MBL0035
40,Mobil,MBL0022
16,Mobil,MBL0036
63,Mobil,MBL0021
98,Motor,MTR0010
101,Mobil,MBL0034
33,Mobil,MBL0027
21,Mobil,MBL0021
104,Mobil,MBL0013
18,Mobil,MBL0034
76,Mobil,MBL006
59,Mobil,MBL0026
112,Motor,MTR0027
122,Motor,MTR0032
48,Motor,MTR0032
70,Mobil,MBL0033
26,Mobil,MBL0024
101,Mobil,MBL0019
51,Motor,MTR005
14,Mobil,MBL0021
42,Mobil,MBL0016
101,Mobil,MBL001
118,Motor,MTR001
103,Motor,MTR0031
39,Mobil,MBL0038
1,Motor,MTR0022
39,Mobil,MBL0029
17,Mobil,MBL0024
74,Mobil,MBL0021
80,Motor,MTR0027
123,Mobil,MBL006
36,Mobil,MBL0041
22,Mobil,MBL0033
12,Mobil,MBL0033
16,Mobil,MBL0025
119,Mobil,MBL0034
7,Mobil,MBL0035
85,Mobil,MBL0019
45,Motor,MTR009
49,Motor,MTR0027
65,Mobil,MBL0035
115,Mobil,MBL0033
87,Mobil,MBL0012
20,Mobil,MBL009
1,Motor,MTR006
29,Mobil,MBL0023
81,Motor,MTR004
63,Mobil,MBL0037
84,Mobil,MBL005
55,Mobil,MBL0031
106,Motor,MTR0015
57,Mobil,MBL0030
6,Motor,MTR0038
106,Motor,MTR0016
1,Motor,MTR002
3,Mobil,MBL0039
5,Mobil,MBL0024
70,Mobil,MBL0012
87,Mobil,MBL0034
11,Mobil,MBL0029
74,Mobil,MBL0026
46,Motor,MTR0030
94,Motor,MTR0032
55,Mobil,MBL002
49,Motor,MTR0016
90,Motor,MTR0030
126,Motor,MTR0028
15,Mobil,MBL005
66,Mobil,MBL0041
71,Mobil,MBL0027
100,Mobil,MBL0011
22,Mobil,MBL009
88,Mobil,MBL0021
100,Mobil,MBL0035
79,Motor,MTR0029
30,Mobil,MBL0018
25,Mobil,MBL0023
6,Motor,MTR005
96,Motor,MTR0028
75,Mobil,MBL006
82,Mobil,MBL0029
108,Motor,MTR0026
109,Motor,MTR007
12,Mobil,MBL0018
93,Mobil,MBL0017
83,Mobil,MBL003
88,Mobil,MBL009
29,Mobil,MBL0017
56,Mobil,MBL0041
18,Mobil,MBL0040
23,Mobil,MBL009
65,Mobil,MBL0017
16,Mobil,MBL0031
81,Motor,MTR0022
3,Mobil,MBL0011
119,Mobil,MBL0031
64,Mobil,MBL0021
55,Mobil,MBL006
15,Mobil,MBL0027
125,Mobil,MBL003
31,Mobil,MBL009
32,Motor,MTR0039
22,Mobil,MBL001
32,Motor,MTR001
9,Motor,MTR0033
1,Motor,MTR005
47,Motor,MTR0039
96,Motor,MTR0021
125,Mobil,MBL0028
61,Mobil,MBL0035
118,Motor,MTR0039
72,Mobil,MBL0038
111,Motor,MTR0039
110,Motor,MTR006
31,Mobil,MBL007
16,Mobil,MBL0042
57,Mobil,MBL0018
57,Mobil,MBL0014
74,Mobil,MBL0032
89,Mobil,MBL0014
96,Motor,MTR0034
83,Mobil,MBL0041
48,Motor,MTR007
113,Mobil,MBL0036
126,Motor,MTR0021
65,Mobil,MBL008
37,Mobil,MBL008
118,Motor,MTR004
72,Mobil,MBL0035
43,Motor,MTR0023
91,Mobil,MBL0023
33,Mobil,MBL0030
70,Mobil,MBL009
70,Mobil,MBL0035
96,Motor,MTR0014
65,Mobil,MBL0029
106,Motor,MTR0012
56,Mobil,MBL0019
57,Mobil,MBL005
37,Mobil,MBL0012
37,Mobil,MBL0021
106,Motor,MTR0034
117,Mobil,MBL0022
103,Motor,MTR0024
16,Mobil,MBL0032
70,Mobil,MBL0040
126,Motor,MTR0026
35,Mobil,MBL0016
8,Motor,MTR0026
119,Mobil,MBL0028
87,Mobil,MBL0011
93,Mobil,MBL0020
23,Mobil,MBL0038
48,Motor,MTR0036
3,Mobil,MBL0025
89,Mobil,MBL009
2,Mobil,MBL003
46,Motor,MTR0024
48,Motor,MTR0027
54,Motor,MTR0031
84,Mobil,MBL0037
90,Motor,MTR0036
110,Motor,MTR007
117,Mobil,MBL0035
4,Motor,MTR0037
76,Mobil,MBL0016
115,Mobil,MBL008
29,Mobil,MBL0021
41,Mobil,MBL003
7,Mobil,MBL0022
12,Mobil,MBL001
98,Motor,MTR0019
55,Mobil,MBL003
67,Mobil,MBL0038
1,Motor,MTR0030
90,Motor,MTR0021
122,Motor,MTR0028
48,Motor,MTR0029
110,Motor,MTR0016
67,Mobil,MBL0011
110,Motor,MTR0020
72,Mobil,MBL0039
41,Mobil,MBL0014
4,Motor,MTR009
118,Motor,MTR0038
28,Mobil,MBL0015
96,Motor,MTR007
34,Mobil,MBL0032
69,Mobil,MBL003
125,Mobil,MBL0038
37,Mobil,MBL0033
103,Motor,MTR0032
52,Motor,MTR0021
120,Motor,MTR0012
15,Mobil,MBL0034
2,Mobil,MBL0038
41,Mobil,MBL004
126,Motor,MTR0020
34,Mobil,MBL0026
105,Mobil,MBL0025
117,Mobil,MBL0016
104,Mobil,MBL0010
7,Mobil,MBL0034
92,Motor,MTR0015
113,Mobil,MBL0026
29,Mobil,MBL006
16,Mobil,MBL0010
33,Mobil,MBL0020
89,Mobil,MBL0040
71,Mobil,MBL0019
122,Motor,MTR0010
38,Mobil,MBL002
84,Mobil,MBL0021
38,Mobil,MBL0012
45,Motor,MTR0032
13,Mobil,MBL0024
128,Motor,MTR0024
106,Motor,MTR0035
35,Mobil,MBL0029
93,Mobil,MBL0022
89,Mobil,MBL0039
89,Mobil,MBL0031
122,Motor,MTR002
83,Mobil,MBL0028
91,Mobil,MBL0032
17,Mobil,MBL0016
82,Mobil,MBL0013
58,Mobil,MBL007
43,Motor,MTR003
99,Motor,MTR0030
47,Motor,MTR0022
80,Motor,MTR0025
103,Motor,MTR0013
89,Mobil,MBL0030
25,Mobil,MBL0039
126,Motor,MTR0011
90,Motor,MTR0034
76,Mobil,MBL0033
83,Mobil,MBL006
80,Motor,MTR0023
122,Motor,MTR0038
95,Motor,MTR0013
21,Mobil,MBL0018
90,Motor,MTR0012
63,Mobil,MBL0033
44,Motor,MTR0037
46,Motor,MTR008
100,Mobil,MBL0031
1,Motor,MTR0026
68,Mobil,MBL0027
81,Motor,MTR0016
78,Motor,MTR002
67,Mobil,MBL009
125,Mobil,MBL0029
125,Mobil,MBL0030
21,Mobil,MBL008
5,Mobil,MBL0020
1,Motor,MTR0013
78,Motor,MTR0036
30,Mobil,MBL0042
18,Mobil,MBL007
114,Motor,MTR0017
35,Mobil,MBL0035
55,Mobil,MBL0041
49,Motor,MTR0036
51,Motor,MTR0020
83,Mobil,MBL0019
71,Mobil,MBL0023
113,Mobil,MBL0039
24,Mobil,MBL0039
123,Mobil,MBL0021
85,Mobil,MBL0036
53,Motor,MTR0025
62,Motor,MTR0020
48,Motor,MTR0030
6,Motor,MTR004
22,Mobil,MBL0023
14,Mobil,MBL0033
127,Mobil,MBL0017
9,Motor,MTR0035
52,Motor,MTR0031
10,Motor,MTR0010
118,Motor,MTR0013
11,Mobil,MBL0018
105,Mobil,MBL0012
65,Mobil,MBL0014
65,Mobil,MBL0028
112,Motor,MTR002
57,Mobil,MBL001
34,Mobil,MBL0038
41,Mobil,MBL0028
118,Motor,MTR0027
9,Motor,MTR0014
59,Mobil,MBL0041
21,Mobil,MBL0026
98,Motor,MTR0039
116,Motor,MTR0037
118,Motor,MTR0032
11,Mobil,MBL0011
70,Mobil,MBL0022
100,Mobil,MBL003
122,Motor,MTR0039
2,Mobil,MBL0012
47,Motor,MTR0020
43,Motor,MTR0019
78,Motor,MTR0013
22,Mobil,MBL0037
126,Motor,MTR0018
119,Mobil,MBL0019
117,Mobil,MBL0012
123,Mobil,MBL001
127,Mobil,MBL0026
68,Mobil,MBL005
8,Motor,MTR0039
99,Motor,MTR0016
19,Mobil,MBL002
24,Mobil,MBL009
28,Mobil,MBL0010
64,Mobil,MBL0035
46,Motor,MTR003
107,Motor,MTR0023
118,Motor,MTR0020
116,Motor,MTR0038
50,Motor,MTR004
76,Mobil,MBL005
43,Motor,MTR0039
99,Motor,MTR0036
10,Motor,MTR0021
84,Mobil,MBL0041
17,Mobil,MBL0021
89,Mobil,MBL007
2,Mobil,MBL0014
3,Mobil,MBL0017
22,Mobil,MBL004
25,Mobil,MBL004
50,Motor,MTR0036
70,Mobil,MBL007
91,Mobil,MBL0036
108,Motor,MTR0032
75,Mobil,MBL002
28,Mobil,MBL0014
62,Motor,MTR0016
113,Mobil,MBL0021
37,Mobil,MBL0030
31,Mobil,MBL006
13,Mobil,MBL0041
124,Motor,MTR007
45,Motor,MTR0023
89,Mobil,MBL0011
84,Mobil,MBL0014
46,Motor,MTR0038
70,Mobil,MBL0042
29,Mobil,MBL0026
103,Motor,MTR0039
77,Mobil,MBL0033
84,Mobil,MBL0034
112,Motor,MTR0015
76,Mobil,MBL0017
80,Motor,MTR008
111,Motor,MTR0028
67,Mobil,MBL002
66,Mobil,MBL0028
112,Motor,MTR0019
36,Mobil,MBL0022
114,Motor,MTR004
26,Mobil,MBL0019
94,Motor,MTR0020
83,Mobil,MBL0027
40,Mobil,MBL0032
39,Mobil,MBL0012
71,Mobil,MBL0015
20,Mobil,MBL0019
37,Mobil,MBL0013
36,Mobil,MBL0012
99,Motor,MTR0025
52,Motor,MTR0037
9,Motor,MTR0020
128,Motor,MTR0022
74,Mobil,MBL006
98,Motor,MTR001
125,Mobil,MBL001
122,Motor,MTR0025
20,Mobil,MBL001
15,Mobil,MBL0011
90,Motor,MTR0029
10,Motor,MTR0027
84,Mobil,MBL004
56,Mobil,MBL0018
82,Mobil,MBL0036
21,Mobil,MBL0027
119,Mobil,MBL0012
53,Motor,MTR0018
27,Mobil,MBL0035
29,Mobil,MBL0038
38,Mobil,MBL0041
29,Mobil,MBL002
47,Motor,MTR0011
3,Mobil,MBL005
21,Mobil,MBL0040
26,Mobil,MBL002
53,Motor,MTR0023
87,Mobil,MBL0018
93,Mobil,MBL006
2,Mobil,MBL0031
120,Motor,MTR0010
21,Mobil,MBL0036
8,Motor,MTR0028
110,Motor,MTR004
16,Mobil,MBL0028
51,Motor,MTR0029
109,Motor,MTR0020
19,Mobil,MBL0035
77,Mobil,MBL0012
38,Mobil,MBL0031
33,Mobil,MBL0026
21,Mobil,MBL007
128,Motor,MTR0037
119,Mobil,MBL0011
43,Motor,MTR0014
24,Mobil,MBL0018
26,Mobil,MBL0023
19,Mobil,MBL006
66,Mobil,MBL0036
57,Mobil,MBL0036
126,Motor,MTR0014
79,Motor,MTR005
115,Mobil,MBL0030
100,Mobil,MBL006
86,Mobil,MBL0032
3,Mobil,MBL0040
15,Mobil,MBL0026
85,Mobil,MBL0010
114,Motor,MTR0026
113,Mobil,MBL0031
57,Mobil,MBL009
12,Mobil,MBL0024
68,Mobil,MBL0017
104,Mobil,MBL0031
15,Mobil,MBL0010
68,Mobil,MBL0020
104,Mobil,MBL0016
22,Mobil,MBL008
82,Mobil,MBL0032
43,Motor,MTR002
120,Motor,MTR0038
63,Mobil,MBL0022
47,Motor,MTR0021
79,Motor,MTR0017
8,Motor,MTR005
127,Mobil,MBL0022
50,Motor,MTR0017
97,Mobil,MBL0021
73,Mobil,MBL0025
44,Motor,MTR0038
91,Mobil,MBL002
39,Mobil,MBL0010
111,Motor,MTR001
101,Mobil,MBL005
39,Mobil,MBL0013
71,Mobil,MBL0018
109,Motor,MTR0027
26,Mobil,MBL0013
126,Motor,MTR0027
37,Mobil,MBL0017
55,Mobil,MBL0033
67,Mobil,MBL0036
103,Motor,MTR0033
64,Mobil,MBL0033
81,Motor,MTR0024
102,Motor,MTR0039
19,Mobil,MBL0038
126,Motor,MTR0034
44,Motor,MTR006
106,Motor,MTR0024
50,Motor,MTR0024
82,Mobil,MBL0025
15,Mobil,MBL0035
75,Mobil,MBL0020
8,Motor,MTR0018
56,Mobil,MBL0037
97,Mobil,MBL0033
121,Mobil,MBL0016
108,Motor,MTR0013
34,Mobil,MBL007
43,Motor,MTR0016
50,Motor,MTR0014
112,Motor,MTR0034
90,Motor,MTR0028
36,Mobil,MBL0017
1,Motor,MTR007
53,Motor,MTR0010
34,Mobil,MBL0014
78,Motor,MTR005
64,Mobil,MBL0019
87,Mobil,MBL0017
15,Mobil,MBL0012
90,Motor,MTR006
62,Motor,MTR0010
15,Mobil,MBL0013
1,Motor,MTR0025
104,Mobil,MBL0024
64,Mobil,MBL008
79,Motor,MTR0032
85,Mobil,MBL0014
118,Motor,MTR0034
10,Motor,MTR009
84,Mobil,MBL0013
14,Mobil,MBL0034
58,Mobil,MBL002
96,Motor,MTR0038
12,Mobil,MBL0019
72,Mobil,MBL0021
41,Mobil,MBL0037
77,Mobil,MBL0039
68,Mobil,MBL004
122,Motor,MTR001
37,Mobil,MBL0037
54,Motor,MTR007
45,Motor,MTR0019
11,Mobil,MBL0016
45,Motor,MTR0020
77,Mobil,MBL0028
68,Mobil,MBL0039
8,Motor,MTR0035
36,Mobil,MBL0036
113,Mobil,MBL0010
20,Mobil,MBL0013
2,Mobil,MBL0041
54,Motor,MTR0026
8,Motor,MTR0031
65,Mobil,MBL005
126,Motor,MTR009
59,Mobil,MBL0028
17,Mobil,MBL0022
31,Mobil,MBL0034
94,Motor,MTR0015
50,Motor,MTR0033
96,Motor,MTR0015
22,Mobil,MBL0027
7,Mobil,MBL0033
94,Motor,MTR0013
116,Motor,MTR0034
64,Mobil,MBL0029
13,Mobil,MBL002
121,Mobil,MBL0031
64,Mobil,MBL0032
42,Mobil,MBL0036
128,Motor,MTR0016
111,Motor,MTR0021
63,Mobil,MBL0039
10,Motor,MTR0030
14,Mobil,MBL0042
52,Motor,MTR005
49,Motor,MTR008
123,Mobil,MBL0010
22,Mobil,MBL0034
112,Motor,MTR0029
121,Mobil,MBL0042
86,Mobil,MBL0016
114,Motor,MTR0016
34,Mobil,MBL0037
10,Motor,MTR0031
69,Mobil,MBL0039
112,Motor,MTR0026
90,Motor,MTR0038
10,Motor,MTR0038
95,Motor,MTR001
20,Mobil,MBL0037
127,Mobil,MBL0016
65,Mobil,MBL0026
57,Mobil,MBL002
93,Mobil,MBL001
77,Mobil,MBL001
72,Mobil,MBL0027
119,Mobil,MBL004
36,Mobil,MBL0023
60,Mobil,MBL0021
92,Motor,MTR0036
118,Motor,MTR0030
81,Motor,MTR0014
10,Motor,MTR0020
17,Mobil,MBL0020
76,Mobil,MBL009
91,Mobil,MBL0041
36,Mobil,MBL0010
20,Mobil,MBL0012
3,Mobil,MBL0024
45,Motor,MTR0026
87,Mobil,MBL003
3,Mobil,MBL0027
17,Mobil,MBL0031
120,Motor,MTR0020
45,Motor,MTR0037
44,Motor,MTR0015
61,Mobil,MBL0038
68,Mobil,MBL0037
45,Motor,MTR001
61,Mobil,MBL0013
121,Mobil,MBL0032
120,Motor,MTR0039
44,Motor,MTR009
3,Mobil,MBL008
2,Mobil,MBL002
43,Motor,MTR0027
77,Mobil,MBL0035
90,Motor,MTR0027
58,Mobil,MBL001
70,Mobil,MBL0011
61,Mobil,MBL0040
109,Motor,MTR005
35,Mobil,MBL006
102,Motor,MTR0010
22,Mobil,MBL003
39,Mobil,MBL002
16,Mobil,MBL002
62,Motor,MTR0034
84,Mobil,MBL0029
93,Mobil,MBL002
21,Mobil,MBL0038
29,Mobil,MBL0010
78,Motor,MTR0039
98,Motor,MTR0016
124,Motor,MTR0032
37,Mobil,MBL0032
6,Motor,MTR0035
41,Mobil,MBL0027
77,Mobil,MBL006
13,Mobil,MBL005
84,Mobil,MBL0036
29,Mobil,MBL0036
79,Motor,MTR0030
61,Mobil,MBL0012
122,Motor,MTR0031
3,Mobil,MBL002
66,Mobil,MBL007
80,Motor,MTR002
103,Motor,MTR0036
64,Mobil,MBL0014
125,Mobil,MBL007
106,Motor,MTR0013
105,Mobil,MBL0040
52,Motor,MTR007
114,Motor,MTR0012
80,Motor,MTR009
16,Mobil,MBL0011
110,Motor,MTR0029
119,Mobil,MBL0038
11,Mobil,MBL0020
92,Motor,MTR0035
102,Motor,MTR0034
28,Mobil,MBL0029
101,Mobil,MBL0028
114,Motor,MTR0018
26,Mobil,MBL0036
8,Motor,MTR0020
43,Motor,MTR0030
45,Motor,MTR0015
92,Motor,MTR0032
66,Mobil,MBL0023
84,Mobil,MBL0031
103,Motor,MTR0023
45,Motor,MTR0024
65,Mobil,MBL0039
94,Motor,MTR004
19,Mobil,MBL009
71,Mobil,MBL0017
29,Mobil,MBL0037
28,Mobil,MBL0035
36,Mobil,MBL0042
84,Mobil,MBL0038
123,Mobil,MBL0030
117,Mobil,MBL0023
97,Mobil,MBL0032
104,Mobil,MBL0017
109,Motor,MTR0029
128,Motor,MTR0019
69,Mobil,MBL0013
42,Mobil,MBL0034
89,Mobil,MBL0015
100,Mobil,MBL0042
62,Motor,MTR0023
43,Motor,MTR007
10,Motor,MTR0011
18,Mobil,MBL0042
121,Mobil,MBL0038
94,Motor,MTR009
80,Motor,MTR0019
123,Mobil,MBL0028
82,Mobil,MBL0034
99,Motor,MTR0034
85,Mobil,MBL0023
56,Mobil,MBL0011
111,Motor,MTR0038
57,Mobil,MBL0015
115,Mobil,MBL006
110,Motor,MTR0011
97,Mobil,MBL0031
13,Mobil,MBL007
68,Mobil,MBL0035
69,Mobil,MBL0027
3,Mobil,MBL0041
112,Motor,MTR0020
74,Mobil,MBL0030
108,Motor,MTR0028
69,Mobil,MBL006
101,Mobil,MBL0041
56,Mobil,MBL001
63,Mobil,MBL0012
50,Motor,MTR0028
98,Motor,MTR0013
72,Mobil,MBL008
7,Mobil,MBL005
13,Mobil,MBL0019
6,Motor,MTR0031
102,Motor,MTR0036
103,Motor,MTR0011
94,Motor,MTR0017
49,Motor,MTR002
54,Motor,MTR0030
77,Mobil,MBL0031
127,Mobil,MBL0014
41,Mobil,MBL0026
88,Mobil,MBL0018
111,Motor,MTR0026
36,Mobil,MBL0039
28,Mobil,MBL001
96,Motor,MTR0019
81,Motor,MTR0039
22,Mobil,MBL0022
76,Mobil,MBL0019
115,Mobil,MBL005
21,Mobil,MBL0012
105,Mobil,MBL0028
112,Motor,MTR009
123,Mobil,MBL0018
123,Mobil,MBL008
58,Mobil,MBL008
63,Mobil,MBL0028
42,Mobil,MBL0011
63,Mobil,MBL008
107,Motor,MTR001
59,Mobil,MBL0015
64,Mobil,MBL0041
25,Mobil,MBL0016
45,Motor,MTR0030
106,Motor,MTR009
57,Mobil,MBL008
32,Motor,MTR0017
45,Motor,MTR0029
47,Motor,MTR007
61,Mobil,MBL0025
88,Mobil,MBL005
109,Motor,MTR0013
48,Motor,MTR0024
92,Motor,MTR0019
1,Motor,MTR0039
124,Motor,MTR0026
40,Mobil,MBL001
45,Motor,MTR0014
103,Motor,MTR0027
46,Motor,MTR0016
107,Motor,MTR0038
125,Mobil,MBL0019
8,Motor,MTR0034
117,Mobil,MBL0021
22,Mobil,MBL0025
64,Mobil,MBL0015
54,Motor,MTR004
127,Mobil,MBL0013
25,Mobil,MBL009
12,Mobil,MBL0017
59,Mobil,MBL0025
74,Mobil,MBL0027
70,Mobil,MBL0032
5,Mobil,MBL003
108,Motor,MTR0010
72,Mobil,MBL0031
67,Mobil,MBL0031
77,Mobil,MBL004
28,Mobil,MBL0013
128,Motor,MTR0036
78,Motor,MTR0037
44,Motor,MTR008
15,Mobil,MBL0036
40,Mobil,MBL0039
24,Mobil,MBL0017
88,Mobil,MBL0022
128,Motor,MTR0010
68,Mobil,MBL0031
42,Mobil,MBL008
123,Mobil,MBL0015
82,Mobil,MBL0023
123,Mobil,MBL0034
82,Mobil,MBL0037
68,Mobil,MBL0040
97,Mobil,MBL0034
97,Mobil,MBL0015
95,Motor,MTR0014
18,Mobil,MBL0026
113,Mobil,MBL003
7,Mobil,MBL0032
43,Motor,MTR0038
102,Motor,MTR0038
36,Mobil,MBL0030
115,Mobil,MBL0018
61,Mobil,MBL0033
62,Motor,MTR003
76,Mobil,MBL004
19,Mobil,MBL0024
26,Mobil,MBL001
64,Mobil,MBL001
12,Mobil,MBL0029
107,Motor,MTR0012
60,Mobil,MBL0019
73,Mobil,MBL008
111,Motor,MTR005
86,Mobil,MBL0018
110,Motor,MTR0028
71,Mobil,MBL0028
58,Mobil,MBL0013
88,Mobil,MBL0030
102,Motor,MTR009
127,Mobil,MBL004
113,Mobil,MBL0018
52,Motor,MTR0019
28,Mobil,MBL002
57,Mobil,MBL0042
56,Mobil,MBL0032
43,Motor,MTR005
11,Mobil,MBL0010
32,Motor,MTR0011
69,Mobil,MBL0037
35,Mobil,MBL0034
108,Motor,MTR005
74,Mobil,MBL0040
25,Mobil,MBL0014
51,Motor,MTR0033
113,Mobil,MBL002
112,Motor,MTR0011
27,Mobil,MBL0028
28,Mobil,MBL0024
56,Mobil,MBL0013
29,Mobil,MBL0033
101,Mobil,MBL0036
92,Motor,MTR008
46,Motor,MTR0022
68,Mobil,MBL003
112,Motor,MTR008
88,Mobil,MBL0014
75,Mobil,MBL0019
115,Mobil,MBL002
76,Mobil,MBL0014
53,Motor,MTR0012
63,Mobil,MBL0032
82,Mobil,MBL0012
8,Motor,MTR0029
116,Motor,MTR002
30,Mobil,MBL003
24,Mobil,MBL0033
100,Mobil,MBL009
106,Motor,MTR0022
20,Mobil,MBL0014
37,Mobil,MBL0039
61,Mobil,MBL0024
48,Motor,MTR0020
102,Motor,MTR004
108,Motor,MTR0029
53,Motor,MTR008
103,Motor,MTR0012
98,Motor,MTR0027
12,Mobil,MBL009
21,Mobil,MBL005
52,Motor,MTR0011
101,Mobil,MBL0014
126,Motor,MTR0024
104,Mobil,MBL008
49,Motor,MTR0021
124,Motor,MTR0028
83,Mobil,MBL0015
105,Mobil,MBL004
1,Motor,MTR0014
95,Motor,MTR0034
23,Mobil,MBL0024
117,Mobil,MBL0033
19,Mobil,MBL0014
7,Mobil,MBL0028
111,Motor,MTR0018
43,Motor,MTR0026
70,Mobil,MBL0020
88,Mobil,MBL0035
112,Motor,MTR0013
33,Mobil,MBL0024
76,Mobil,MBL0021
41,Mobil,MBL0020
81,Motor,MTR0021
77,Mobil,MBL005
90,Motor,MTR009
76,Mobil,MBL0026
44,Motor,MTR0013
114,Motor,MTR0030
28,Mobil,MBL007
91,Mobil,MBL0030
51,Motor,MTR0032
74,Mobil,MBL0028
109,Motor,MTR004
7,Mobil,MBL0026
66,Mobil,MBL0039
56,Mobil,MBL0026
64,Mobil,MBL0042
119,Mobil,MBL0029
79,Motor,MTR0024
21,Mobil,MBL0032
73,Mobil,MBL0011
113,Mobil,MBL0038
21,Mobil,MBL006
22,Mobil,MBL0026
82,Mobil,MBL009
1,Motor,MTR003
55,Mobil,MBL0040
45,Motor,MTR0013
62,Motor,MTR001
31,Mobil,MBL0033
114,Motor,MTR0024
97,Mobil,MBL004
28,Mobil,MBL0025
128,Motor,MTR008
92,Motor,MTR002
40,Mobil,MBL0015
46,Motor,MTR0015
104,Mobil,MBL0041
57,Mobil,MBL0038
94,Motor,MTR0012
123,Mobil,MBL0020
110,Motor,MTR0024
87,Mobil,MBL0035
54,Motor,MTR0029
18,Mobil,MBL001
75,Mobil,MBL0042
78,Motor,MTR0020
77,Mobil,MBL0010
100,Mobil,MBL0017
87,Mobil,MBL0039
85,Mobil,MBL0039
120,Motor,MTR0025
29,Mobil,MBL0019
42,Mobil,MBL0039
4,Motor,MTR0018
97,Mobil,MBL0030
121,Mobil,MBL0024
108,Motor,MTR006
86,Mobil,MBL0017
105,Mobil,MBL0014
88,Mobil,MBL0020
115,Mobil,MBL0026
36,Mobil,MBL0040
93,Mobil,MBL0034
79,Motor,MTR0034
58,Mobil,MBL0032
71,Mobil,MBL0011
98,Motor,MTR002
21,Mobil,MBL0039
31,Mobil,MBL0025
73,Mobil,MBL0041
73,Mobil,MBL0038
80,Motor,MTR0021
15,Mobil,MBL002
49,Motor,MTR009
31,Mobil,MBL0020
59,Mobil,MBL0022
97,Mobil,MBL001
91,Mobil,MBL0010
117,Mobil,MBL0013
37,Mobil,MBL007
47,Motor,MTR0013
21,Mobil,MBL0035
8,Motor,MTR0013
90,Motor,MTR0014
29,Mobil,MBL001
57,Mobil,MBL003
25,Mobil,MBL0031
110,Motor,MTR002
83,Mobil,MBL0038
110,Motor,MTR0027
94,Motor,MTR0035
69,Mobil,MBL0019
25,Mobil,MBL0011
41,Mobil,MBL0042
58,Mobil,MBL0017
76,Mobil,MBL0042
90,Motor,MTR0020
36,Mobil,MBL0029
117,Mobil,MBL0039
126,Motor,MTR0031
81,Motor,MTR0010
69,Mobil,MBL0031
48,Motor,MTR0023
60,Mobil,MBL0020
7,Mobil,MBL001
19,Mobil,MBL007
28,Mobil,MBL005
86,Mobil,MBL0020
35,Mobil,MBL0012
19,Mobil,MBL0041
24,Mobil,MBL0011
127,Mobil,MBL008
101,Mobil,MBL0042
51,Motor,MTR0013
126,Motor,MTR0023
39,Mobil,MBL0041
4,Motor,MTR0023
52,Motor,MTR0038
48,Motor,MTR006
2,Mobil,MBL0024
10,Motor,MTR004
115,Mobil,MBL0032
4,Motor,MTR006
123,Mobil,MBL0039
73,Mobil,MBL001
102,Motor,MTR006
112,Motor,MTR0010
59,Mobil,MBL007
98,Motor,MTR008
23,Mobil,MBL001
8,Motor,MTR0033
12,Mobil,MBL0022
109,Motor,MTR0010
110,Motor,MTR0030
5,Mobil,MBL0019
86,Mobil,MBL0026
126,Motor,MTR007
56,Mobil,MBL004
69,Mobil,MBL0038
108,Motor,MTR009
23,Mobil,MBL002
57,Mobil,MBL0027
58,Mobil,MBL0031
103,Motor,MTR0019
67,Mobil,MBL0040
57,Mobil,MBL0016
95,Motor,MTR0033
87,Mobil,MBL0040
27,Mobil,MBL0015
99,Motor,MTR0038
68,Mobil,MBL001
77,Mobil,MBL0011
83,Mobil,MBL0014
48,Motor,MTR0039
97,Mobil,MBL0012
41,Mobil,MBL0013
118,Motor,MTR0028
96,Motor,MTR0037
42,Mobil,MBL0014
85,Mobil,MBL006
99,Motor,MTR0039
7,Mobil,MBL0016
67,Mobil,MBL0027
5,Mobil,MBL0021
66,Mobil,MBL0026
82,Mobil,MBL0041
115,Mobil,MBL0016
27,Mobil,MBL003
28,Mobil,MBL0019
79,Motor,MTR001
60,Mobil,MBL0027
75,Mobil,MBL0026
89,Mobil,MBL0029
85,Mobil,MBL0028
128,Motor,MTR0032
21,Mobil,MBL004
35,Mobil,MBL0022
62,Motor,MTR0017
115,Mobil,MBL001
29,Mobil,MBL0027
65,Mobil,MBL0022
5,Mobil,MBL006
44,Motor,MTR0011
116,Motor,MTR0035
106,Motor,MTR0038
41,Mobil,MBL0038
45,Motor,MTR0028
32,Motor,MTR0024
88,Mobil,MBL0010
109,Motor,MTR0017
15,Mobil,MBL0016
102,Motor,MTR0012
13,Mobil,MBL0027
29,Mobil,MBL0014
100,Mobil,MBL0038
58,Mobil,MBL0028
107,Motor,MTR0029
111,Motor,MTR0036
5,Mobil,MBL0016
18,Mobil,MBL0010
19,Mobil,MBL005
17,Mobil,MBL008
53,Motor,MTR0033
45,Motor,MTR0039
34,Mobil,MBL0039
94,Motor,MTR0022
91,Mobil,MBL0021
9,Motor,MTR003
62,Motor,MTR0025
49,Motor,MTR001
60,Mobil,MBL0042
23,Mobil,MBL0029
106,Motor,MTR0028
117,Mobil,MBL0015
69,Mobil,MBL0042
102,Motor,MTR007
71,Mobil,MBL0035
15,Mobil,MBL0038
113,Mobil,MBL0034
95,Motor,MTR0010
107,Motor,MTR0032
51,Motor,MTR0023
77,Mobil,MBL008
52,Motor,MTR006
17,Mobil,MBL0034
114,Motor,MTR0031
86,Mobil,MBL007
105,Mobil,MBL0017
74,Mobil,MBL0029
100,Mobil,MBL0037
47,Motor,MTR0035
17,Mobil,MBL0025
98,Motor,MTR0036
78,Motor,MTR0030
77,Mobil,MBL0015
28,Mobil,MBL0018
77,Mobil,MBL002
97,Mobil,MBL0040
70,Mobil,MBL008
57,Mobil,MBL0028
80,Motor,MTR0035
13,Mobil,MBL0040
94,Motor,MTR0011
13,Mobil,MBL004
103,Motor,MTR001
93,Mobil,MBL004
49,Motor,MTR0017
93,Mobil,MBL0039
114,Motor,MTR0021
77,Mobil,MBL003
52,Motor,MTR0016
95,Motor,MTR0031
45,Motor,MTR0021
101,Mobil,MBL0023
34,Mobil,MBL0036
73,Mobil,MBL0030
54,Motor,MTR0016
15,Mobil,MBL003
57,Mobil,MBL0011
115,Mobil,MBL0013
6,Motor,MTR008
128,Motor,MTR0039
22,Mobil,MBL0040
43,Motor,MTR0036
91,Mobil,MBL0015
120,Motor,MTR0036
26,Mobil,MBL0033
65,Mobil,MBL0033
84,Mobil,MBL0015
10,Motor,MTR0012
52,Motor,MTR0033
14,Mobil,MBL0035
57,Mobil,MBL0019
107,Motor,MTR0011
113,Mobil,MBL0035
87,Mobil,MBL0026
47,Motor,MTR009
63,Mobil,MBL0023
2,Mobil,MBL0032
35,Mobil,MBL003
79,Motor,MTR0028
1,Motor,MTR0020
9,Motor,MTR0039
35,Mobil,MBL0017
74,Mobil,MBL002
111,Motor,MTR009
85,Mobil,MBL0030
109,Motor,MTR0039
43,Motor,MTR006
81,Motor,MTR0029
52,Motor,MTR0034
114,Motor,MTR0039
118,Motor,MTR0031
80,Motor,MTR004
36,Mobil,MBL0018
23,Mobil,MBL0018
113,Mobil,MBL0030
52,Motor,MTR004
22,Mobil,MBL006
99,Motor,MTR008
86,Mobil,MBL0040
62,Motor,MTR008
83,Mobil,MBL0032
54,Motor,MTR005
57,Mobil,MBL0041
6,Motor,MTR0033
127,Mobil,MBL0031
50,Motor,MTR009
100,Mobil,MBL0040
117,Mobil,MBL0029
2,Mobil,MBL0035
23,Mobil,MBL008
125,Mobil,MBL0018
54,Motor,MTR0032
126,Motor,MTR003
65,Mobil,MBL002
107,Motor,MTR0033
59,Mobil,MBL0019
106,Motor,MTR0019
62,Motor,MTR0026
96,Motor,MTR0022
48,Motor,MTR0033
55,Mobil,MBL0013
19,Mobil,MBL0040
118,Motor,MTR0036
44,Motor,MTR0025
46,Motor,MTR0020
123,Mobil,MBL0013
41,Mobil,MBL0031
33,Mobil,MBL0023
82,Mobil,MBL0015
100,Mobil,MBL0019
45,Motor,MTR0027
14,Mobil,MBL0028
57,Mobil,MBL006
68,Mobil,MBL0015
26,Mobil,MBL004
8,Motor,MTR003
85,Mobil,MBL0032
73,Mobil,MBL004
9,Motor,MTR0015
121,Mobil,MBL0014
108,Motor,MTR003
42,Mobil,MBL0017
67,Mobil,MBL001
108,Motor,MTR0031
128,Motor,MTR0028
20,Mobil,MBL0023
86,Mobil,MBL0039
63,Mobil,MBL0041
101,Mobil,MBL0038
77,Mobil,MBL0024
118,Motor,MTR0014
36,Mobil,MBL0020
117,Mobil,MBL0010
80,Motor,MTR001
63,Mobil,MBL005
46,Motor,MTR006
62,Motor,MTR005
52,Motor,MTR0020
58,Mobil,MBL0012
66,Mobil,MBL0042
18,Mobil,MBL0039
72,Mobil,MBL0029
109,Motor,MTR003
43,Motor,MTR0029
37,Mobil,MBL0010
128,Motor,MTR0011
99,Motor,MTR0024
63,Mobil,MBL0016
38,Mobil,MBL0026
126,Motor,MTR0032
91,Mobil,MBL0038
123,Mobil,MBL0019
50,Motor,MTR0016
7,Mobil,MBL0013
21,Mobil,MBL0034
6,Motor,MTR003
61,Mobil,MBL0039
7,Mobil,MBL0024
36,Mobil,MBL0027
127,Mobil,MBL0036
75,Mobil,MBL0036
16,Mobil,MBL0015
45,Motor,MTR0036
114,Motor,MTR005
31,Mobil,MBL0019
19,Mobil,MBL004
34,Mobil,MBL0012
81,Motor,MTR0019
43,Motor,MTR0011
122,Motor,MTR008
108,Motor,MTR0039
41,Mobil,MBL001
19,Mobil,MBL001
23,Mobil,MBL0014
87,Mobil,MBL0023
58,Mobil,MBL004
52,Motor,MTR0012
40,Mobil,MBL003
39,Mobil,MBL008
111,Motor,MTR0030
51,Motor,MTR0025
23,Mobil,MBL0030
31,Mobil,MBL0021
7,Mobil,MBL008
116,Motor,MTR0022
87,Mobil,MBL0029
47,Motor,MTR001
62,Motor,MTR0014
33,Mobil,MBL0034
88,Mobil,MBL0015
44,Motor,MTR0035
121,Mobil,MBL0017
69,Mobil,MBL0023
22,Mobil,MBL0042
84,Mobil,MBL008
121,Mobil,MBL0033
37,Mobil,MBL003
122,Motor,MTR007
56,Mobil,MBL0039
51,Motor,MTR0026
91,Mobil,MBL0042
128,Motor,MTR0018
71,Mobil,MBL009
108,Motor,MTR0035
6,Motor,MTR0012
100,Mobil,MBL008
59,Mobil,MBL0042
67,Mobil,MBL003
39,Mobil,MBL0016
67,Mobil,MBL0018
81,Motor,MTR008
89,Mobil,MBL0010
23,Mobil,MBL004
36,Mobil,MBL001
106,Motor,MTR0021
92,Motor,MTR0023
7,Mobil,MBL0036
125,Mobil,MBL0035
125,Mobil,MBL0012
71,Mobil,MBL007
4,Motor,MTR008
60,Mobil,MBL0012
82,Mobil,MBL0024
96,Motor,MTR009
78,Motor,MTR003
38,Mobil,MBL0037
99,Motor,MTR009
100,Mobil,MBL0025
8,Motor,MTR0038
56,Mobil,MBL0029
40,Mobil,MBL0031
25,Mobil,MBL0021
90,Motor,MTR0024
41,Mobil,MBL0035
70,Mobil,MBL0026
66,Mobil,MBL0013
5,Mobil,MBL0014
12,Mobil,MBL0014
115,Mobil,MBL007
4,Motor,MTR0015
121,Mobil,MBL0041
61,Mobil,MBL0020
70,Mobil,MBL0038
99,Motor,MTR006
2,Mobil,MBL0039
53,Motor,MTR006
77,Mobil,MBL0023
74,Mobil,MBL0031
122,Motor,MTR0013
37,Mobil,MBL0014
83,Mobil,MBL002
80,Motor,MTR0020
20,Mobil,MBL007
127,Mobil,MBL0039
26,Mobil,MBL0014
107,Motor,MTR0016
43,Motor,MTR0028
13,Mobil,MBL0035
21,Mobil,MBL002
104,Mobil,MBL0035
60,Mobil,MBL0022
10,Motor,MTR0037
66,Mobil,MBL0031
93,Mobil,MBL0042
83,Mobil,MBL0037
77,Mobil,MBL0026
96,Motor,MTR001
20,Mobil,MBL0038
28,Mobil,MBL006
2,Mobil,MBL0040
24,Mobil,MBL0030
11,Mobil,MBL0021
115,Mobil,MBL0022
81,Motor,MTR0036
60,Mobil,MBL003
51,Motor,MTR008
45,Motor,MTR005
105,Mobil,MBL0042
54,Motor,MTR0019
114,Motor,MTR0038
26,Mobil,MBL0015
117,Mobil,MBL0038
29,Mobil,MBL0028
118,Motor,MTR007
54,Motor,MTR0027
122,Motor,MTR006
55,Mobil,MBL0023
67,Mobil,MBL0013
29,Mobil,MBL0020
50,Motor,MTR005
23,Mobil,MBL0039
4,Motor,MTR0029
68,Mobil,MBL0042
36,Mobil,MBL0015
3,Mobil,MBL0034
11,Mobil,MBL008
37,Mobil,MBL0034
42,Mobil,MBL0041
39,Mobil,MBL0025
73,Mobil,MBL0031
7,Mobil,MBL0021
56,Mobil,MBL0021
7,Mobil,MBL0011
115,Mobil,MBL0019
102,Motor,MTR0026
21,Mobil,MBL0019
5,Mobil,MBL0030
62,Motor,MTR0015
112,Motor,MTR0022
100,Mobil,MBL0010
15,Mobil,MBL0024
5,Mobil,MBL004
30,Mobil,MBL0028
95,Motor,MTR0037
87,Mobil,MBL0014
67,Mobil,MBL0022
90,Motor,MTR0023
116,Motor,MTR0018
64,Mobil,MBL0027
94,Motor,MTR0027
30,Mobil,MBL0040
94,Motor,MTR0030
25,Mobil,MBL0025
102,Motor,MTR0020
75,Mobil,MBL0040
23,Mobil,MBL0027
103,Motor,MTR003
101,Mobil,MBL007
50,Motor,MTR0027
26,Mobil,MBL009
40,Mobil,MBL0038
83,Mobil,MBL0036
77,Mobil,MBL0027
107,Motor,MTR0015
77,Mobil,MBL0017
102,Motor,MTR0016
25,Mobil,MBL006
51,Motor,MTR0037
47,Motor,MTR0030
75,Mobil,MBL0013
19,Mobil,MBL0020
16,Mobil,MBL0014
96,Motor,MTR0036
93,Mobil,MBL0014
103,Motor,MTR0026
26,Mobil,MBL0028
21,Mobil,MBL003
124,Motor,MTR0022
87,Mobil,MBL0027
118,Motor,MTR0024
2,Mobil,MBL0011
105,Mobil,MBL0032
102,Motor,MTR0035
19,Mobil,MBL0015
20,Mobil,MBL0021
125,Mobil,MBL0031
121,Mobil,MBL0034
28,Mobil,MBL0041
22,Mobil,MBL0018
106,Motor,MTR005
10,Motor,MTR0014
61,Mobil,MBL0034
84,Mobil,MBL001
52,Motor,MTR0022
47,Motor,MTR0018
59,Mobil,MBL0018
75,Mobil,MBL0030
105,Mobil,MBL0024
116,Motor,MTR007
89,Mobil,MBL0036
2,Mobil,MBL0021
120,Motor,MTR0019
1,Motor,MTR0024
11,Mobil,MBL004
72,Mobil,MBL001
11,Mobil,MBL0024
41,Mobil,MBL0023
72,Mobil,MBL0028
39,Mobil,MBL001
51,Motor,MTR0018
67,Mobil,MBL0034
124,Motor,MTR006
95,Motor,MTR002
116,Motor,MTR0019
50,Motor,MTR0035
14,Mobil,MBL0019
75,Mobil,MBL0033
122,Motor,MTR0029
68,Mobil,MBL0036
2,Mobil,MBL0015
41,Mobil,MBL0018
61,Mobil,MBL0018
85,Mobil,MBL0041
36,Mobil,MBL004
59,Mobil,MBL009
116,Motor,MTR0016
41,Mobil,MBL002
24,Mobil,MBL0025
98,Motor,MTR0023
1,Motor,MTR0016
95,Motor,MTR0018
54,Motor,MTR0034
108,Motor,MTR0019
85,Mobil,MBL0027
8,Motor,MTR001
61,Mobil,MBL0017
72,Mobil,MBL0041
101,Mobil,MBL0039
35,Mobil,MBL002
91,Mobil,MBL0026
71,Mobil,MBL005
95,Motor,MTR0036
96,Motor,MTR006
48,Motor,MTR0021
18,Mobil,MBL008
88,Mobil,MBL0026
86,Mobil,MBL0030
26,Mobil,MBL0032
50,Motor,MTR008
114,Motor,MTR0011
113,Mobil,MBL0024
53,Motor,MTR003
26,Mobil,MBL0037
63,Mobil,MBL0026
11,Mobil,MBL0038
31,Mobil,MBL005
67,Mobil,MBL0025
9,Motor,MTR0034
119,Mobil,MBL0027
11,Mobil,MBL0026
2,Mobil,MBL0029
64,Mobil,MBL0034
2,Mobil,MBL006
4,Motor,MTR0039
54,Motor,MTR0014
35,Mobil,MBL0010
68,Mobil,MBL0041
44,Motor,MTR0039
123,Mobil,MBL002
14,Mobil,MBL0018
94,Motor,MTR008
39,Mobil,MBL0021
18,Mobil,MBL0035
5,Mobil,MBL0013
116,Motor,MTR0011
22,Mobil,MBL0016
84,Mobil,MBL0027
104,Mobil,MBL0042
90,Motor,MTR008
112,Motor,MTR0036
65,Mobil,MBL0018
87,Mobil,MBL005
30,Mobil,MBL0032
72,Mobil,MBL0010
54,Motor,MTR0028
24,Mobil,MBL0035
49,Motor,MTR0032
15,Mobil,MBL0017
56,Mobil,MBL0035
50,Motor,MTR0022
4,Motor,MTR0033
31,Mobil,MBL0041
82,Mobil,MBL008
54,Motor,MTR0037
1,Motor,MTR0031
74,Mobil,MBL0042
104,Mobil,MBL0038
90,Motor,MTR0033
97,Mobil,MBL0037
70,Mobil,MBL0029
68,Mobil,MBL006
94,Motor,MTR0036
108,Motor,MTR0012
125,Mobil,MBL0040
55,Mobil,MBL0021
61,Mobil,MBL004
44,Motor,MTR0036
12,Mobil,MBL0015
11,Mobil,MBL0033
122,Motor,MTR0033
91,Mobil,MBL0017
93,Mobil,MBL0035
38,Mobil,MBL0019
28,Mobil,MBL0026
67,Mobil,MBL0015
77,Mobil,MBL0040
95,Motor,MTR0024
75,Mobil,MBL0016
27,Mobil,MBL0010
27,Mobil,MBL0023
43,Motor,MTR0034
78,Motor,MTR0019
30,Mobil,MBL0027
117,Mobil,MBL0017
91,Mobil,MBL0025
55,Mobil,MBL0036
89,Mobil,MBL0025
57,Mobil,MBL0022
105,Mobil,MBL0015
101,Mobil,MBL0037
40,Mobil,MBL002
33,Mobil,MBL0011
127,Mobil,MBL0042
86,Mobil,MBL003
3,Mobil,MBL0014
46,Motor,MTR0028
3,Mobil,MBL0010
29,Mobil,MBL008
80,Motor,MTR0014
56,Mobil,MBL0014
6,Motor,MTR0037
59,Mobil,MBL004
108,Motor,MTR0015
60,Mobil,MBL004
34,Mobil,MBL002
62,Motor,MTR0033
73,Mobil,MBL0010
51,Motor,MTR0021
34,Mobil,MBL0028
50,Motor,MTR0025
93,Mobil,MBL0019
127,Mobil,MBL0010
37,Mobil,MBL004
54,Motor,MTR0015
35,Mobil,MBL008
70,Mobil,MBL0018
81,Motor,MTR005
101,Mobil,MBL0022
84,Mobil,MBL0039
73,Mobil,MBL005
18,Mobil,MBL0027
36,Mobil,MBL002
25,Mobil,MBL0010
107,Motor,MTR005
107,Motor,MTR0020
14,Mobil,MBL0032
123,Mobil,MBL0026
28,Mobil,MBL0016
63,Mobil,MBL0013
119,Mobil,MBL0041
70,Mobil,MBL0031
63,Mobil,MBL0024
107,Motor,MTR0010
4,Motor,MTR0034
47,Motor,MTR004
116,Motor,MTR0020
79,Motor,MTR0033
97,Mobil,MBL005
8,Motor,MTR004
52,Motor,MTR0027
94,Motor,MTR005
19,Mobil,MBL0033
112,Motor,MTR0028
104,Mobil,MBL0039
53,Motor,MTR001
91,Mobil,MBL0029
109,Motor,MTR0011
23,Mobil,MBL0019
45,Motor,MTR0033
38,Mobil,MBL0034
11,Mobil,MBL0027
106,Motor,MTR0014
36,Mobil,MBL0034
67,Mobil,MBL0028
43,Motor,MTR0032
23,Mobil,MBL0032
103,Motor,MTR0037
121,Mobil,MBL001
93,Mobil,MBL0012
30,Mobil,MBL001
12,Mobil,MBL0010
58,Mobil,MBL0026
74,Mobil,MBL0014
109,Motor,MTR0032
112,Motor,MTR0033
120,Motor,MTR009
51,Motor,MTR0027
69,Mobil,MBL0024
33,Mobil,MBL0040
91,Mobil,MBL0019
9,Motor,MTR0030
124,Motor,MTR0023
20,Mobil,MBL0022
75,Mobil,MBL0041
65,Mobil,MBL0013
20,Mobil,MBL0016
95,Motor,MTR006
8,Motor,MTR0017
69,Mobil,MBL0015
1,Motor,MTR0029
66,Mobil,MBL0033
104,Mobil,MBL005
107,Motor,MTR0039
64,Mobil,MBL0023
80,Motor,MTR0018
35,Mobil,MBL0038
106,Motor,MTR0023
16,Mobil,MBL0037
15,Mobil,MBL001
99,Motor,MTR0021
123,Mobil,MBL007
77,Mobil,MBL0021
5,Mobil,MBL0018
14,Mobil,MBL005
34,Mobil,MBL003
4,Motor,MTR0012
73,Mobil,MBL0021
95,Motor,MTR0025
75,Mobil,MBL0038
112,Motor,MTR0035
72,Mobil,MBL009
53,Motor,MTR005
22,Mobil,MBL0019
39,Mobil,MBL0017
16,Mobil,MBL003
93,Mobil,MBL0038
64,Mobil,MBL0040
104,Mobil,MBL0023
39,Mobil,MBL0022
97,Mobil,MBL0017
58,Mobil,MBL0034
79,Motor,MTR0022
127,Mobil,MBL0019
123,Mobil,MBL0038
121,Mobil,MBL0013
125,Mobil,MBL0021
9,Motor,MTR0011
21,Mobil,MBL0024
52,Motor,MTR0032
127,Mobil,MBL0030
100,Mobil,MBL0014
55,Mobil,MBL0030
40,Mobil,MBL0018
30,Mobil,MBL0030
96,Motor,MTR0017
36,Mobil,MBL0016
55,Mobil,MBL0029
112,Motor,MTR001
125,Mobil,MBL002
64,Mobil,MBL0018
124,Motor,MTR005
18,Mobil,MBL0013
100,Mobil,MBL0030
111,Motor,MTR0012
97,Mobil,MBL0025
21,Mobil,MBL0011
26,Mobil,MBL0027
47,Motor,MTR0016
31,Mobil,MBL0010
101,Mobil,MBL0015
8,Motor,MTR0023
68,Mobil,MBL002
49,Motor,MTR0024
58,Mobil,MBL0027
65,Mobil,MBL004
23,Mobil,MBL0028
118,Motor,MTR0035
40,Mobil,MBL0019
88,Mobil,MBL002
8,Motor,MTR0012
19,Mobil,MBL0012
88,Mobil,MBL0023
14,Mobil,MBL001
38,Mobil,MBL0025
124,Motor,MTR002
61,Mobil,MBL007
93,Mobil,MBL0030
33,Mobil,MBL0042
31,Mobil,MBL0013
61,Mobil,MBL0022
20,Mobil,MBL0028
5,Mobil,MBL0040
112,Motor,MTR0016
8,Motor,MTR006
11,Mobil,MBL005
20,Mobil,MBL002
96,Motor,MTR0013
116,Motor,MTR0032
34,Mobil,MBL0034
120,Motor,MTR0032
6,Motor,MTR0030
86,Mobil,MBL0023
4,Motor,MTR0013
71,Mobil,MBL0037
14,Mobil,MBL0010
57,Mobil,MBL0010
53,Motor,MTR0026
42,Mobil,MBL0022
94,Motor,MTR001
32,Motor,MTR0037
102,Motor,MTR0029
96,Motor,MTR0012
40,Mobil,MBL0036
120,Motor,MTR0027
59,Mobil,MBL0029
32,Motor,MTR0025
71,Mobil,MBL0016
108,Motor,MTR0036
90,Motor,MTR004
98,Motor,MTR0029
38,Mobil,MBL0023
96,Motor,MTR0033
121,Mobil,MBL0037
79,Motor,MTR0027
123,Mobil,MBL0041
26,Mobil,MBL0018
24,Mobil,MBL0029
103,Motor,MTR006
104,Mobil,MBL003
46,Motor,MTR0032
8,Motor,MTR0019
81,Motor,MTR0027
41,Mobil,MBL0012
12,Mobil,MBL0042
8,Motor,MTR007
74,Mobil,MBL003
39,Mobil,MBL0020
67,Mobil,MBL007
62,Motor,MTR0021
69,Mobil,MBL0016
1,Motor,MTR0023
120,Motor,MTR0021
121,Mobil,MBL0023
118,Motor,MTR0022
11,Mobil,MBL007
115,Mobil,MBL0020
34,Mobil,MBL0023
19,Mobil,MBL0034
110,Motor,MTR0031
14,Mobil,MBL008
83,Mobil,MBL0013
105,Mobil,MBL003
91,Mobil,MBL0039
19,Mobil,MBL0017
103,Motor,MTR0035
34,Mobil,MBL0029
48,Motor,MTR008
69,Mobil,MBL0025
32,Motor,MTR0020
77,Mobil,MBL009
33,Mobil,MBL0035
117,Mobil,MBL001
41,Mobil,MBL0024
4,Motor,MTR0021
71,Mobil,MBL0036
10,Motor,MTR0028
70,Mobil,MBL0041
79,Motor,MTR008
14,Mobil,MBL0027
119,Mobil,MBL0022
37,Mobil,MBL0029
51,Motor,MTR0034
64,Mobil,MBL0013
46,Motor,MTR0039
108,Motor,MTR0018
29,Mobil,MBL0015
32,Motor,MTR0038
81,Motor,MTR0015
10,Motor,MTR0023
42,Mobil,MBL0021
83,Mobil,MBL005
22,Mobil,MBL0031
4,Motor,MTR0022
94,Motor,MTR0019
10,Motor,MTR001
61,Mobil,MBL008
60,Mobil,MBL0031
60,Mobil,MBL0032
24,Mobil,MBL0016
28,Mobil,MBL0027
117,Mobil,MBL005
92,Motor,MTR0022
41,Mobil,MBL0040
67,Mobil,MBL0021
109,Motor,MTR006
40,Mobil,MBL005
22,Mobil,MBL0038
74,Mobil,MBL004
92,Motor,MTR0037
23,Mobil,MBL0017
72,Mobil,MBL0034
33,Mobil,MBL009
99,Motor,MTR0019
79,Motor,MTR002
113,Mobil,MBL0042
100,Mobil,MBL0039
82,Mobil,MBL0014
3,Mobil,MBL0033
113,Mobil,MBL009
37,Mobil,MBL0027
73,Mobil,MBL0028
70,Mobil,MBL0013
53,Motor,MTR0015
102,Motor,MTR0018
82,Mobil,MBL0016
108,Motor,MTR0016
4,Motor,MTR0036
35,Mobil,MBL0037
121,Mobil,MBL003
21,Mobil,MBL0023
102,Motor,MTR0017
96,Motor,MTR004
43,Motor,MTR0021
53,Motor,MTR0014
10,Motor,MTR0034
110,Motor,MTR0023
64,Mobil,MBL0037
30,Mobil,MBL0025
89,Mobil,MBL006
1,Motor,MTR0027
27,Mobil,MBL0036
16,Mobil,MBL004
103,Motor,MTR0018
86,Mobil,MBL0012
38,Mobil,MBL0011
46,Motor,MTR0027
21,Mobil,MBL0022
57,Mobil,MBL0020
114,Motor,MTR0037
58,Mobil,MBL0030
56,Mobil,MBL007
83,Mobil,MBL0021
6,Motor,MTR0023
70,Mobil,MBL0034
114,Motor,MTR0032
35,Mobil,MBL0024
31,Mobil,MBL0022
69,Mobil,MBL0028
69,Mobil,MBL0018
66,Mobil,MBL0030
41,Mobil,MBL007
5,Mobil,MBL0022
55,Mobil,MBL004
13,Mobil,MBL0013
123,Mobil,MBL0031
116,Motor,MTR0027
38,Mobil,MBL009
121,Mobil,MBL007
107,Motor,MTR0035
111,Motor,MTR003
61,Mobil,MBL0036
89,Mobil,MBL004
11,Mobil,MBL0019
96,Motor,MTR0029
50,Motor,MTR0023
93,Mobil,MBL0010
14,Mobil,MBL0022
51,Motor,MTR007
60,Mobil,MBL001
65,Mobil,MBL0011
86,Mobil,MBL0010
10,Motor,MTR0016
41,Mobil,MBL0034
104,Mobil,MBL0020
67,Mobil,MBL0014
117,Mobil,MBL0036
120,Motor,MTR0023
88,Mobil,MBL003
66,Mobil,MBL0034
38,Mobil,MBL0027
98,Motor,MTR0015
61,Mobil,MBL006
98,Motor,MTR007
110,Motor,MTR0035
55,Mobil,MBL0034
86,Mobil,MBL0034
26,Mobil,MBL0017
19,Mobil,MBL0027
18,Mobil,MBL0029
56,Mobil,MBL0040
84,Mobil,MBL0035
108,Motor,MTR001
101,Mobil,MBL0018
61,Mobil,MBL0032
48,Motor,MTR0028
39,Mobil,MBL005
123,Mobil,MBL0037
109,Motor,MTR0028
119,Mobil,MBL0037
97,Mobil,MBL0042
42,Mobil,MBL0015
51,Motor,MTR0016
108,Motor,MTR0025
3,Mobil,MBL0020
125,Mobil,MBL005
6,Motor,MTR009
108,Motor,MTR0037
46,Motor,MTR0025
69,Mobil,MBL007
76,Mobil,MBL003
23,Mobil,MBL0015
116,Motor,MTR0029
116,Motor,MTR0023
77,Mobil,MBL0025
47,Motor,MTR0024
5,Mobil,MBL0039
105,Mobil,MBL0030
98,Motor,MTR0022
107,Motor,MTR0034
7,Mobil,MBL003
115,Mobil,MBL004
24,Mobil,MBL0027
61,Mobil,MBL0027
98,Motor,MTR0024
101,Mobil,MBL0032
43,Motor,MTR0017
27,Mobil,MBL0011
115,Mobil,MBL0014
73,Mobil,MBL007
13,Mobil,MBL0025
27,Mobil,MBL0021
91,Mobil,MBL0031
28,Mobil,MBL0011
128,Motor,MTR006
75,Mobil,MBL007
97,Mobil,MBL0036
2,Mobil,MBL0013
17,Mobil,MBL0035
46,Motor,MTR004
76,Mobil,MBL0023
65,Mobil,MBL0040
107,Motor,MTR0027
59,Mobil,MBL0010
73,Mobil,MBL0033
75,Mobil,MBL008
39,Mobil,MBL0037
37,Mobil,MBL005
6,Motor,MTR0024
123,Mobil,MBL0011
30,Mobil,MBL0035
40,Mobil,MBL0027
2,Mobil,MBL005
5,Mobil,MBL0023
8,Motor,MTR002
46,Motor,MTR0026
124,Motor,MTR0025
117,Mobil,MBL009
35,Mobil,MBL0027
125,Mobil,MBL0010
92,Motor,MTR005
43,Motor,MTR001
2,Mobil,MBL0025
100,Mobil,MBL0020
53,Motor,MTR0034
125,Mobil,MBL0020
79,Motor,MTR0021
32,Motor,MTR0028
22,Mobil,MBL0032
105,Mobil,MBL0029
107,Motor,MTR0031
56,Mobil,MBL0038
107,Motor,MTR0021
4,Motor,MTR0038
30,Mobil,MBL0012
113,Mobil,MBL0014
17,Mobil,MBL0010
100,Mobil,MBL0032
128,Motor,MTR0035
9,Motor,MTR0028
22,Mobil,MBL0024
41,Mobil,MBL0019
47,Motor,MTR0034
11,Mobil,MBL0022
34,Mobil,MBL0042
3,Mobil,MBL0042
22,Mobil,MBL0015
39,Mobil,MBL0024
33,Mobil,MBL0022
114,Motor,MTR0010
42,Mobil,MBL0033
59,Mobil,MBL0038
25,Mobil,MBL0018
30,Mobil,MBL0015
109,Motor,MTR0038
18,Mobil,MBL0015
92,Motor,MTR0025
49,Motor,MTR0034
30,Mobil,MBL0014
115,Mobil,MBL0011
110,Motor,MTR0013
85,Mobil,MBL003
84,Mobil,MBL0016
41,Mobil,MBL0036
34,Mobil,MBL0013
44,Motor,MTR0034
118,Motor,MTR002
114,Motor,MTR009
124,Motor,MTR0014
54,Motor,MTR002
31,Mobil,MBL001
39,Mobil,MBL003
8,Motor,MTR0030
66,Mobil,MBL0021
104,Mobil,MBL0011
114,Motor,MTR0025
21,Mobil,MBL0020
74,Mobil,MBL008
34,Mobil,MBL0025
37,Mobil,MBL0020
121,Mobil,MBL0039
44,Motor,MTR005
61,Mobil,MBL0014
92,Motor,MTR0024
117,Mobil,MBL0028
92,Motor,MTR004
12,Mobil,MBL007
39,Mobil,MBL0039
25,Mobil,MBL0026
69,Mobil,MBL0010
124,Motor,MTR0027
40,Mobil,MBL0025
123,Mobil,MBL0040
97,Mobil,MBL0029
28,Mobil,MBL004
85,Mobil,MBL0021
54,Motor,MTR0024
40,Mobil,MBL0034
87,Mobil,MBL0028
71,Mobil,MBL0021
124,Motor,MTR001
99,Motor,MTR0023
40,Mobil,MBL0041
37,Mobil,MBL0038
54,Motor,MTR0021
35,Mobil,MBL0041
107,Motor,MTR0019
72,Mobil,MBL0032
7,Mobil,MBL002
126,Motor,MTR002
34,Mobil,MBL0015
50,Motor,MTR0020
12,Mobil,MBL0030
108,Motor,MTR0023
89,Mobil,MBL0022
27,Mobil,MBL002
72,Mobil,MBL0017
66,Mobil,MBL0019
55,Mobil,MBL0019
63,Mobil,MBL0017
66,Mobil,MBL0035
42,Mobil,MBL0038
31,Mobil,MBL0015
26,Mobil,MBL0041
112,Motor,MTR0032
4,Motor,MTR0030
90,Motor,MTR001
104,Mobil,MBL0025
83,Mobil,MBL0016
89,Mobil,MBL0012
93,Mobil,MBL003
73,Mobil,MBL0026
30,Mobil,MBL0039
113,Mobil,MBL0037
103,Motor,MTR009
111,Motor,MTR0013
123,Mobil,MBL0036
30,Mobil,MBL0011
17,Mobil,MBL007
12,Mobil,MBL005
96,Motor,MTR0010
89,Mobil,MBL0027
46,Motor,MTR005
5,Mobil,MBL001
14,Mobil,MBL0016
95,Motor,MTR0038
39,Mobil,MBL0034
96,Motor,MTR0027
84,Mobil,MBL0023
85,Mobil,MBL0035
87,Mobil,MBL009
42,Mobil,MBL0032
23,Mobil,MBL003
96,Motor,MTR0035
89,Mobil,MBL0013
50,Motor,MTR0039
14,Mobil,MBL0041
120,Motor,MTR0029
102,Motor,MTR001
119,Mobil,MBL0026
82,Mobil,MBL0035
79,Motor,MTR0013
15,Mobil,MBL0029
82,Mobil,MBL004
87,Mobil,MBL0030
122,Motor,MTR0021
39,Mobil,MBL009
16,Mobil,MBL0033
51,Motor,MTR0036
62,Motor,MTR0028
58,Mobil,MBL0016
95,Motor,MTR0027
109,Motor,MTR008
72,Mobil,MBL0018
25,Mobil,MBL0037
4,Motor,MTR0031
115,Mobil,MBL0036
110,Motor,MTR0038
78,Motor,MTR0014
91,Mobil,MBL0037
65,Mobil,MBL0032
95,Motor,MTR0016
23,Mobil,MBL0042
63,Mobil,MBL0027
105,Mobil,MBL005
1,Motor,MTR0010
67,Mobil,MBL0023
124,Motor,MTR0019
61,Mobil,MBL0031
121,Mobil,MBL0012
109,Motor,MTR0014
16,Mobil,MBL0020
11,Mobil,MBL0013
34,Mobil,MBL009
96,Motor,MTR0023
124,Motor,MTR0015
92,Motor,MTR0011
128,Motor,MTR0027
83,Mobil,MBL0020
1,Motor,MTR0036
112,Motor,MTR0021
7,Mobil,MBL0019
16,Mobil,MBL0027
62,Motor,MTR0031
121,Mobil,MBL008
18,Mobil,MBL004
21,Mobil,MBL009
85,Mobil,MBL0015
12,Mobil,MBL002
34,Mobil,MBL0011
50,Motor,MTR0019
100,Mobil,MBL0033
16,Mobil,MBL0013
30,Mobil,MBL002
21,Mobil,MBL0028
100,Mobil,MBL005
51,Motor,MTR0038
7,Mobil,MBL0020
74,Mobil,MBL0019
50,Motor,MTR0031
105,Mobil,MBL0039
119,Mobil,MBL0021
115,Mobil,MBL0028
104,Mobil,MBL0032
17,Mobil,MBL0041
3,Mobil,MBL0015
101,Mobil,MBL0029
57,Mobil,MBL007
60,Mobil,MBL0016
45,Motor,MTR008
8,Motor,MTR0015
8,Motor,MTR0036
1,Motor,MTR008
86,Mobil,MBL002
24,Mobil,MBL0014
112,Motor,MTR004
32,Motor,MTR004
33,Mobil,MBL0032
127,Mobil,MBL009
25,Mobil,MBL0032
37,Mobil,MBL009
9,Motor,MTR0038
53,Motor,MTR009
14,Mobil,MBL003
61,Mobil,MBL0021
127,Mobil,MBL0015
111,Motor,MTR007
35,Mobil,MBL0042
48,Motor,MTR0038
76,Mobil,MBL0024
35,Mobil,MBL0021
109,Motor,MTR0035
54,Motor,MTR0018
48,Motor,MTR0022
24,Mobil,MBL0031
49,Motor,MTR0014
46,Motor,MTR001
41,Mobil,MBL0039
15,Mobil,MBL0015
25,Mobil,MBL0034
80,Motor,MTR0011
11,Mobil,MBL009
60,Mobil,MBL0024
72,Mobil,MBL0016
80,Motor,MTR0026
30,Mobil,MBL0038
25,Mobil,MBL0012
35,Mobil,MBL0033
83,Mobil,MBL009
126,Motor,MTR001
11,Mobil,MBL0035
102,Motor,MTR0014
55,Mobil,MBL0011
51,Motor,MTR0022
120,Motor,MTR0030
79,Motor,MTR0016
94,Motor,MTR0018
127,Mobil,MBL0023
114,Motor,MTR0015
48,Motor,MTR0014
114,Motor,MTR007
102,Motor,MTR0015
71,Mobil,MBL0012
63,Mobil,MBL003
67,Mobil,MBL0019
70,Mobil,MBL0010
60,Mobil,MBL0033
35,Mobil,MBL001
21,Mobil,MBL0013
11,Mobil,MBL0031
66,Mobil,MBL0037
49,Motor,MTR0018
99,Motor,MTR0011
21,Mobil,MBL0041
5,Mobil,MBL0011
74,Mobil,MBL0013
19,Mobil,MBL0037
128,Motor,MTR0021
109,Motor,MTR0018
68,Mobil,MBL0029
80,Motor,MTR007
48,Motor,MTR0025
114,Motor,MTR001
43,Motor,MTR0031
86,Mobil,MBL0014
114,Motor,MTR0029
127,Mobil,MBL005
74,Mobil,MBL0037
73,Mobil,MBL0017
61,Mobil,MBL0010
94,Motor,MTR0026
15,Mobil,MBL007
51,Motor,MTR009
115,Mobil,MBL0010
67,Mobil,MBL0033
109,Motor,MTR0012
119,Mobil,MBL0035
89,Mobil,MBL0016
117,Mobil,MBL0030
86,Mobil,MBL009
87,Mobil,MBL0013
44,Motor,MTR0031
104,Mobil,MBL007
91,Mobil,MBL0028
89,Mobil,MBL0023
94,Motor,MTR0016
5,Mobil,MBL0017
83,Mobil,MBL0033
116,Motor,MTR0012
100,Mobil,MBL0018
85,Mobil,MBL0042
118,Motor,MTR003
63,Mobil,MBL004
37,Mobil,MBL0022
76,Mobil,MBL0039
123,Mobil,MBL0029
72,Mobil,MBL005
83,Mobil,MBL0029
102,Motor,MTR0022
24,Mobil,MBL0042
58,Mobil,MBL0015
76,Mobil,MBL0032
45,Motor,MTR0022
78,Motor,MTR0011
10,Motor,MTR008
125,Mobil,MBL0022
83,Mobil,MBL0010
18,Mobil,MBL0021
11,Mobil,MBL003
110,Motor,MTR0022
84,Mobil,MBL0032
97,Mobil,MBL0027
25,Mobil,MBL0036
100,Mobil,MBL0028
31,Mobil,MBL0012
128,Motor,MTR0015
20,Mobil,MBL0032
47,Motor,MTR005
93,Mobil,MBL0023
110,Motor,MTR0032
53,Motor,MTR002
32,Motor,MTR003
51,Motor,MTR004
17,Mobil,MBL0029
55,Mobil,MBL005
105,Mobil,MBL006
61,Mobil,MBL0037
69,Mobil,MBL0030
78,Motor,MTR0015
98,Motor,MTR0018
46,Motor,MTR007
51,Motor,MTR006
34,Mobil,MBL0027
59,Mobil,MBL0031
1,Motor,MTR0035
25,Mobil,MBL0022
5,Mobil,MBL0012
6,Motor,MTR0034
79,Motor,MTR0010
46,Motor,MTR0034
70,Mobil,MBL004
42,Mobil,MBL0012
37,Mobil,MBL0024
64,Mobil,MBL0038
33,Mobil,MBL0015
7,Mobil,MBL0010
120,Motor,MTR0018
76,Mobil,MBL0010
55,Mobil,MBL0025
40,Mobil,MBL0030
70,Mobil,MBL0036
6,Motor,MTR0017
49,Motor,MTR0037
117,Mobil,MBL0026
101,Mobil,MBL0020
11,Mobil,MBL0012
9,Motor,MTR0027
14,Mobil,MBL0015
5,Mobil,MBL0010
87,Mobil,MBL0020
25,Mobil,MBL0035
16,Mobil,MBL008
115,Mobil,MBL0021
2,Mobil,MBL0023
56,Mobil,MBL0015
89,Mobil,MBL0032
85,Mobil,MBL0038
7,Mobil,MBL006
34,Mobil,MBL0040
33,Mobil,MBL0014
52,Motor,MTR0018
11,Mobil,MBL0032
18,Mobil,MBL0020
61,Mobil,MBL0029
112,Motor,MTR0018
68,Mobil,MBL0016
37,Mobil,MBL0040
8,Motor,MTR0011
29,Mobil,MBL0030
114,Motor,MTR0033
43,Motor,MTR0010
52,Motor,MTR0026
14,Mobil,MBL0039
113,Mobil,MBL0012
61,Mobil,MBL0015
19,Mobil,MBL0026
40,Mobil,MBL0035
34,Mobil,MBL0020
70,Mobil,MBL0030
83,Mobil,MBL0025
126,Motor,MTR0029
11,Mobil,MBL0034
123,Mobil,MBL0017
124,Motor,MTR0018
63,Mobil,MBL0011
84,Mobil,MBL0040
87,Mobil,MBL0042
127,Mobil,MBL0021
58,Mobil,MBL0022
98,Motor,MTR0030
35,Mobil,MBL0025
112,Motor,MTR003
77,Mobil,MBL0018
29,Mobil,MBL0024
84,Mobil,MBL0019
24,Mobil,MBL0038
82,Mobil,MBL0040
91,Mobil,MBL0040
86,Mobil,MBL0028
19,Mobil,MBL008
116,Motor,MTR0031
17,Mobil,MBL006
75,Mobil,MBL0010
127,Mobil,MBL0011
21,Mobil,MBL0031
17,Mobil,MBL0030
73,Mobil,MBL0034
78,Motor,MTR0023
47,Motor,MTR0028
116,Motor,MTR003
92,Motor,MTR0038
98,Motor,MTR003
59,Mobil,MBL0039
67,Mobil,MBL005
5,Mobil,MBL0031
20,Mobil,MBL003
13,Mobil,MBL0010
111,Motor,MTR0014
87,Mobil,MBL0037
1,Motor,MTR001
55,Mobil,MBL0038
63,Mobil,MBL0025
63,Mobil,MBL0034
24,Mobil,MBL0032
6,Motor,MTR002
8,Motor,MTR0027
2,Mobil,MBL0022
107,Motor,MTR009
55,Mobil,MBL0032
60,Mobil,MBL0026
6,Motor,MTR0025
125,Mobil,MBL0036
17,Mobil,MBL0027
28,Mobil,MBL0031
80,Motor,MTR0037
109,Motor,MTR0015
88,Mobil,MBL001
74,Mobil,MBL0023
32,Motor,MTR008
124,Motor,MTR003
34,Mobil,MBL0041
55,Mobil,MBL0037
39,Mobil,MBL0018
70,Mobil,MBL0037
18,Mobil,MBL0025
4,Motor,MTR007
91,Mobil,MBL005
23,Mobil,MBL0013
112,Motor,MTR0031
74,Mobil,MBL0034
32,Motor,MTR0022
125,Mobil,MBL0024
99,Motor,MTR0015
119,Mobil,MBL003
100,Mobil,MBL0016
74,Mobil,MBL0018
105,Mobil,MBL0031
83,Mobil,MBL0030
84,Mobil,MBL0030
91,Mobil,MBL0011
128,Motor,MTR0026
54,Motor,MTR0010
52,Motor,MTR0028
78,Motor,MTR0029
11,Mobil,MBL0015
84,Mobil,MBL007
110,Motor,MTR0021
49,Motor,MTR0012
13,Mobil,MBL0017
127,Mobil,MBL0024
42,Mobil,MBL0027
111,Motor,MTR0037
107,Motor,MTR0014
113,Mobil,MBL0011
105,Mobil,MBL0022
86,Mobil,MBL0027
103,Motor,MTR0020
103,Motor,MTR0017
100,Mobil,MBL0036
17,Mobil,MBL0042
13,Mobil,MBL0038
41,Mobil,MBL006
58,Mobil,MBL0011
20,Mobil,MBL004
41,Mobil,MBL009
95,Motor,MTR0035
82,Mobil,MBL0026
47,Motor,MTR0036
82,Mobil,MBL0022
24,Mobil,MBL0023
119,Mobil,MBL0036
46,Motor,MTR009
41,Mobil,MBL0041
34,Mobil,MBL0035
34,Mobil,MBL004
17,Mobil,MBL002
86,Mobil,MBL0025
65,Mobil,MBL001
118,Motor,MTR0018
67,Mobil,MBL0026
70,Mobil,MBL0028
119,Mobil,MBL0015
22,Mobil,MBL005
79,Motor,MTR0037
35,Mobil,MBL0039
80,Motor,MTR0010
16,Mobil,MBL0026
73,Mobil,MBL0023
12,Mobil,MBL0038
82,Mobil,MBL005
20,Mobil,MBL0017
46,Motor,MTR0021
119,Mobil,MBL0040
12,Mobil,MBL0034
39,Mobil,MBL0014
57,Mobil,MBL0033
2,Mobil,MBL007
19,Mobil,MBL0019
3,Mobil,MBL0023
6,Motor,MTR0036
103,Motor,MTR004
19,Mobil,MBL0018
118,Motor,MTR0010
95,Motor,MTR0021
116,Motor,MTR0024
72,Mobil,MBL0020
69,Mobil,MBL002
38,Mobil,MBL0014
88,Mobil,MBL0034
40,Mobil,MBL0024
41,Mobil,MBL0033
41,Mobil,MBL008
39,Mobil,MBL0035
95,Motor,MTR005
7,Mobil,MBL0014
122,Motor,MTR0011
113,Mobil,MBL0022
82,Mobil,MBL006
22,Mobil,MBL0035
43,Motor,MTR0012
18,Mobil,MBL0037
97,Mobil,MBL006
10,Motor,MTR0017
76,Mobil,MBL008
12,Mobil,MBL0036
3,Mobil,MBL006
24,Mobil,MBL0021
66,Mobil,MBL0018
128,Motor,MTR005
6,Motor,MTR0015
128,Motor,MTR0020
29,Mobil,MBL0029
9,Motor,MTR0032
16,Mobil,MBL0038
42,Mobil,MBL0025
24,Mobil,MBL0010
64,Mobil,MBL0026
102,Motor,MTR0025
80,Motor,MTR0017
71,Mobil,MBL0030
50,Motor,MTR007
67,Mobil,MBL0017
114,Motor,MTR002
87,Mobil,MBL0021
125,Mobil,MBL0042
90,Motor,MTR0011
48,Motor,MTR0013
63,Mobil,MBL002
29,Mobil,MBL0025
12,Mobil,MBL0026
85,Mobil,MBL0031
115,Mobil,MBL0027
97,Mobil,MBL0041
30,Mobil,MBL0031
116,Motor,MTR0017
32,Motor,MTR0014
49,Motor,MTR0029
66,Mobil,MBL0032
64,Mobil,MBL0031
26,Mobil,MBL006
90,Motor,MTR0019
13,Mobil,MBL0042
53,Motor,MTR0035
79,Motor,MTR0031
68,Mobil,MBL0026
91,Mobil,MBL0018
7,Mobil,MBL0012
65,Mobil,MBL0015
20,Mobil,MBL0033
78,Motor,MTR0010
126,Motor,MTR008
78,Motor,MTR004
69,Mobil,MBL001
23,Mobil,MBL0020
51,Motor,MTR0024
66,Mobil,MBL0027
54,Motor,MTR0020
121,Mobil,MBL0018
12,Mobil,MBL0039
5,Mobil,MBL0015
11,Mobil,MBL0030
76,Mobil,MBL0020
89,Mobil,MBL0028
125,Mobil,MBL0023
104,Mobil,MBL004
27,Mobil,MBL0040
113,Mobil,MBL0017
98,Motor,MTR006
44,Motor,MTR003
16,Mobil,MBL0029
110,Motor,MTR0017
93,Mobil,MBL0018
124,Motor,MTR0036
59,Mobil,MBL0030
126,Motor,MTR0017
127,Mobil,MBL0028
36,Mobil,MBL0038
104,Mobil,MBL0029
70,Mobil,MBL0039
105,Mobil,MBL0041
17,Mobil,MBL0036
22,Mobil,MBL0012
105,Mobil,MBL0037
48,Motor,MTR009
125,Mobil,MBL0027
60,Mobil,MBL0010
121,Mobil,MBL0030
87,Mobil,MBL0016
28,Mobil,MBL008
89,Mobil,MBL008
29,Mobil,MBL0034
33,Mobil,MBL002
11,Mobil,MBL0036
19,Mobil,MBL0031
31,Mobil,MBL002
45,Motor,MTR0012
34,Mobil,MBL0010
29,Mobil,MBL0032
44,Motor,MTR0021
87,Mobil,MBL008
87,Mobil,MBL0036
37,Mobil,MBL0019
110,Motor,MTR0036
58,Mobil,MBL0038
43,Motor,MTR008
6,Motor,MTR0022
110,Motor,MTR0039
72,Mobil,MBL0011
12,Mobil,MBL004
62,Motor,MTR0012
69,Mobil,MBL0014
95,Motor,MTR0032
73,Mobil,MBL0022
1,Motor,MTR004
121,Mobil,MBL0029
123,Mobil,MBL0033
7,Mobil,MBL0023
63,Mobil,MBL0018
16,Mobil,MBL006
43,Motor,MTR0018
77,Mobil,MBL0041
68,Mobil,MBL0023
66,Mobil,MBL0012
80,Motor,MTR0029
55,Mobil,MBL0017
12,Mobil,MBL0028
60,Mobil,MBL008
65,Mobil,MBL0025
28,Mobil,MBL0034
8,Motor,MTR009
119,Mobil,MBL007
106,Motor,MTR0030
35,Mobil,MBL0019
98,Motor,MTR0020
76,Mobil,MBL001
62,Motor,MTR0024
72,Mobil,MBL0024
15,Mobil,MBL0022
29,Mobil,MBL0042
12,Mobil,MBL0040
114,Motor,MTR0028
24,Mobil,MBL0041
109,Motor,MTR0036
33,Mobil,MBL0021
84,Mobil,MBL0022
113,Mobil,MBL0027
113,Mobil,MBL007
60,Mobil,MBL0029
26,Mobil,MBL008
81,Motor,MTR0028
47,Motor,MTR0033
14,Mobil,MBL0031
62,Motor,MTR0027
79,Motor,MTR0023
97,Mobil,MBL0011
65,Mobil,MBL0030
52,Motor,MTR009
84,Mobil,MBL0026
30,Mobil,MBL0013
103,Motor,MTR0029
60,Mobil,MBL0013
95,Motor,MTR0026
38,Mobil,MBL0040
117,Mobil,MBL0042
9,Motor,MTR0010
23,Mobil,MBL0041
75,Mobil,MBL0021
24,Mobil,MBL005
44,Motor,MTR0020
57,Mobil,MBL0023
55,Mobil,MBL0015
70,Mobil,MBL0017
119,Mobil,MBL009
10,Motor,MTR0018
43,Motor,MTR0022
95,Motor,MTR0029
121,Mobil,MBL005
13,Mobil,MBL0031
57,Mobil,MBL0025
86,Mobil,MBL0041
88,Mobil,MBL0037
116,Motor,MTR0013
80,Motor,MTR005
72,Mobil,MBL0014
7,Mobil,MBL0029
29,Mobil,MBL0041
76,Mobil,MBL0027
17,Mobil,MBL004
109,Motor,MTR0030
110,Motor,MTR0034
127,Mobil,MBL001
98,Motor,MTR0035
111,Motor,MTR0032
70,Mobil,MBL003
91,Mobil,MBL0033
88,Mobil,MBL0011
85,Mobil,MBL0033
90,Motor,MTR0015
4,Motor,MTR0026
28,Mobil,MBL0022
22,Mobil,MBL0041
37,Mobil,MBL0023
14,Mobil,MBL0037
49,Motor,MTR0019
75,Mobil,MBL0034
5,Mobil,MBL0037
22,Mobil,MBL0036
55,Mobil,MBL008
74,Mobil,MBL007
97,Mobil,MBL0019
30,Mobil,MBL0021
65,Mobil,MBL007
44,Motor,MTR0033
116,Motor,MTR0030
19,Mobil,MBL0032
22,Mobil,MBL0020
4,Motor,MTR0027
24,Mobil,MBL0036
27,Mobil,MBL0027
28,Mobil,MBL0017
71,Mobil,MBL0038
23,Mobil,MBL0037
40,Mobil,MBL004
53,Motor,MTR0019
83,Mobil,MBL004
49,Motor,MTR0023
79,Motor,MTR004
18,Mobil,MBL0041
91,Mobil,MBL004
121,Mobil,MBL0010
40,Mobil,MBL0010
90,Motor,MTR0016
34,Mobil,MBL0018
33,Mobil,MBL0016
71,Mobil,MBL002
30,Mobil,MBL0026
118,Motor,MTR005
78,Motor,MTR0026
19,Mobil,MBL0021
32,Motor,MTR0018
92,Motor,MTR0031
104,Mobil,MBL009
51,Motor,MTR003
49,Motor,MTR0013
98,Motor,MTR0034
109,Motor,MTR002
11,Mobil,MBL0041
5,Mobil,MBL009
112,Motor,MTR0024
64,Mobil,MBL009
97,Mobil,MBL0038
72,Mobil,MBL003
55,Mobil,MBL0028
111,Motor,MTR0019
78,Motor,MTR0017
78,Motor,MTR0028
35,Mobil,MBL004
81,Motor,MTR0031
76,Mobil,MBL0029
70,Mobil,MBL0014
111,Motor,MTR0023
42,Mobil,MBL0020
29,Mobil,MBL0016
83,Mobil,MBL008
43,Motor,MTR0020
105,Mobil,MBL0038
40,Mobil,MBL0020
8,Motor,MTR0021
37,Mobil,MBL0026
39,Mobil,MBL0023
90,Motor,MTR003
78,Motor,MTR0033
2,Mobil,MBL0017
127,Mobil,MBL0033
98,Motor,MTR0032
84,Mobil,MBL0028
64,Mobil,MBL0039
95,Motor,MTR004
53,Motor,MTR0013
105,Mobil,MBL0010
30,Mobil,MBL0010
39,Mobil,MBL0032
51,Motor,MTR002
57,Mobil,MBL0013
107,Motor,MTR007
59,Mobil,MBL006
123,Mobil,MBL0032
120,Motor,MTR0016
69,Mobil,MBL0012
94,Motor,MTR0014
47,Motor,MTR008
105,Mobil,MBL0016
101,Mobil,MBL0027
103,Motor,MTR0014
82,Mobil,MBL0018
111,Motor,MTR0015
119,Mobil,MBL0032
46,Motor,MTR0036
128,Motor,MTR002
59,Mobil,MBL0035
96,Motor,MTR003
51,Motor,MTR0010
97,Mobil,MBL008
57,Mobil,MBL0012
100,Mobil,MBL0012
85,Mobil,MBL008
103,Motor,MTR0021
124,Motor,MTR0011
75,Mobil,MBL0022
88,Mobil,MBL0024
60,Mobil,MBL0011
6,Motor,MTR0016
76,Mobil,MBL0018
94,Motor,MTR003
20,Mobil,MBL0031
99,Motor,MTR001
76,Mobil,MBL0041
116,Motor,MTR0028
62,Motor,MTR0038
26,Mobil,MBL0042
39,Mobil,MBL0019
63,Mobil,MBL0020
98,Motor,MTR0014
78,Motor,MTR0038
100,Mobil,MBL0026
17,Mobil,MBL0032
106,Motor,MTR0010
68,Mobil,MBL0034
51,Motor,MTR0017
60,Mobil,MBL0037
17,Mobil,MBL0011
33,Mobil,MBL0017
107,Motor,MTR008
84,Mobil,MBL0042
125,Mobil,MBL0026
49,Motor,MTR0035
30,Mobil,MBL006
43,Motor,MTR004
102,Motor,MTR003
42,Mobil,MBL003
20,Mobil,MBL0027
11,Mobil,MBL0025
21,Mobil,MBL0010
62,Motor,MTR0032
78,Motor,MTR0032
90,Motor,MTR0022
50,Motor,MTR0021
55,Mobil,MBL0026
86,Mobil,MBL0033
50,Motor,MTR0012
62,Motor,MTR0022
44,Motor,MTR001
20,Mobil,MBL005
46,Motor,MTR0012
120,Motor,MTR001
20,Mobil,MBL008
5,Mobil,MBL005
105,Mobil,MBL0023
12,Mobil,MBL0032
50,Motor,MTR003
17,Mobil,MBL0037
45,Motor,MTR0035
89,Mobil,MBL0034
118,Motor,MTR0011
1,Motor,MTR0033
126,Motor,MTR0010
95,Motor,MTR0019
96,Motor,MTR0016
27,Mobil,MBL0014
91,Mobil,MBL0020
90,Motor,MTR0010
57,Mobil,MBL0026
107,Motor,MTR0025
79,Motor,MTR0014
28,Mobil,MBL0023
93,Mobil,MBL0015
29,Mobil,MBL0013
46,Motor,MTR0013
59,Mobil,MBL0032
2,Mobil,MBL009
68,Mobil,MBL0010
70,Mobil,MBL0019
41,Mobil,MBL0029
45,Motor,MTR003
103,Motor,MTR0022
95,Motor,MTR009
30,Mobil,MBL0023
108,Motor,MTR0022
60,Mobil,MBL0039
97,Mobil,MBL0024
79,Motor,MTR0020
36,Mobil,MBL003
9,Motor,MTR0037
63,Mobil,MBL0036
19,Mobil,MBL0013
70,Mobil,MBL0015
42,Mobil,MBL006
59,Mobil,MBL0017
92,Motor,MTR0018
40,Mobil,MBL0011
56,Mobil,MBL0042
9,Motor,MTR0022
26,Mobil,MBL005
20,Mobil,MBL0041
82,Mobil,MBL0031
111,Motor,MTR008
88,Mobil,MBL0017
9,Motor,MTR0036
11,Mobil,MBL0037
16,Mobil,MBL0034
122,Motor,MTR0022
2,Mobil,MBL001
44,Motor,MTR0010
31,Mobil,MBL0014
113,Mobil,MBL006
75,Mobil,MBL009
46,Motor,MTR0019
111,Motor,MTR002
40,Mobil,MBL0023
85,Mobil,MBL0012
127,Mobil,MBL002
109,Motor,MTR0031
128,Motor,MTR0023
104,Mobil,MBL0019
89,Mobil,MBL002
3,Mobil,MBL0029
69,Mobil,MBL0017
122,Motor,MTR0019
111,Motor,MTR0020
47,Motor,MTR0037
14,Mobil,MBL0025
50,Motor,MTR001
42,Mobil,MBL004
7,Mobil,MBL009
56,Mobil,MBL002
2,Mobil,MBL0026
66,Mobil,MBL0020
33,Mobil,MBL0025
74,Mobil,MBL001
37,Mobil,MBL0036
22,Mobil,MBL002
63,Mobil,MBL0015
14,Mobil,MBL0030
15,Mobil,MBL0025
58,Mobil,MBL0039
118,Motor,MTR0012
46,Motor,MTR0023
110,Motor,MTR0018
39,Mobil,MBL0011
68,Mobil,MBL0024
74,Mobil,MBL0017
102,Motor,MTR008
22,Mobil,MBL0029
77,Mobil,MBL0034
31,Mobil,MBL0038
48,Motor,MTR0012
14,Mobil,MBL0024
68,Mobil,MBL008
69,Mobil,MBL005
25,Mobil,MBL0024
67,Mobil,MBL008
119,Mobil,MBL0020
27,Mobil,MBL0030
31,Mobil,MBL0016
49,Motor,MTR0010
88,Mobil,MBL0012
70,Mobil,MBL0023
85,Mobil,MBL0018
7,Mobil,MBL007
25,Mobil,MBL0015
40,Mobil,MBL0021
7,Mobil,MBL0041
52,Motor,MTR008
112,Motor,MTR0025
49,Motor,MTR0011
23,Mobil,MBL0022
81,Motor,MTR006
32,Motor,MTR0034
10,Motor,MTR0026
9,Motor,MTR008
116,Motor,MTR0036
115,Mobil,MBL0029
108,Motor,MTR0017
18,Mobil,MBL0028
43,Motor,MTR0024
63,Mobil,MBL0014
47,Motor,MTR0017
87,Mobil,MBL0010
108,Motor,MTR0020
56,Mobil,MBL0036
70,Mobil,MBL0025
102,Motor,MTR0028
99,Motor,MTR0037
38,Mobil,MBL006
35,Mobil,MBL0015
86,Mobil,MBL0011
80,Motor,MTR0033
17,Mobil,MBL0039
12,Mobil,MBL0035
97,Mobil,MBL0014
38,Mobil,MBL0016
116,Motor,MTR0025
91,Mobil,MBL008
25,Mobil,MBL0042
93,Mobil,MBL0032
31,Mobil,MBL0042
55,Mobil,MBL007
75,Mobil,MBL0039
32,Motor,MTR0010
68,Mobil,MBL0018
87,Mobil,MBL001
1,Motor,MTR0028
61,Mobil,MBL0026
63,Mobil,MBL007
67,Mobil,MBL0012
15,Mobil,MBL0040
110,Motor,MTR005
17,Mobil,MBL003
79,Motor,MTR0019
117,Mobil,MBL0034
101,Mobil,MBL0035
30,Mobil,MBL009
9,Motor,MTR0029
86,Mobil,MBL0031
18,Mobil,MBL005
78,Motor,MTR007
117,Mobil,MBL0031
15,Mobil,MBL0039
29,Mobil,MBL003
40,Mobil,MBL0033
90,Motor,MTR0025
46,Motor,MTR0017
120,Motor,MTR005
116,Motor,MTR001
6,Motor,MTR0027
10,Motor,MTR0019
26,Mobil,MBL0031
93,Mobil,MBL007
16,Mobil,MBL0035
68,Mobil,MBL0021
50,Motor,MTR006
106,Motor,MTR001
49,Motor,MTR0039
2,Mobil,MBL0037
73,Mobil,MBL0020
108,Motor,MTR0021
65,Mobil,MBL0036
119,Mobil,MBL0017
38,Mobil,MBL0038
107,Motor,MTR004
88,Mobil,MBL0042
19,Mobil,MBL0036
114,Motor,MTR003
33,Mobil,MBL0038
93,Mobil,MBL0033
60,Mobil,MBL0028
11,Mobil,MBL0042
61,Mobil,MBL0028
104,Mobil,MBL0040
3,Mobil,MBL0035
95,Motor,MTR0030
30,Mobil,MBL008
11,Mobil,MBL0017
105,Mobil,MBL0034
104,Mobil,MBL001
37,Mobil,MBL0028
47,Motor,MTR0023
123,Mobil,MBL0025
25,Mobil,MBL008
16,Mobil,MBL0039
49,Motor,MTR0026
38,Mobil,MBL0022
39,Mobil,MBL006
120,Motor,MTR007
35,Mobil,MBL0011
48,Motor,MTR004
107,Motor,MTR0030
116,Motor,MTR005
2,Mobil,MBL0034
1,Motor,MTR0037
22,Mobil,MBL0039
61,Mobil,MBL0023
20,Mobil,MBL0036
30,Mobil,MBL0034
106,Motor,MTR0037
50,Motor,MTR0010
108,Motor,MTR007
47,Motor,MTR0010
69,Mobil,MBL0022
113,Mobil,MBL0016
67,Mobil,MBL0010
57,Mobil,MBL0035
36,Mobil,MBL0033
12,Mobil,MBL003
79,Motor,MTR009
47,Motor,MTR0038
55,Mobil,MBL0014
22,Mobil,MBL0011
124,Motor,MTR0037
58,Mobil,MBL0018
4,Motor,MTR0020
71,Mobil,MBL0039
99,Motor,MTR0013
73,Mobil,MBL0039
42,Mobil,MBL0030
114,Motor,MTR0034
48,Motor,MTR0031
38,Mobil,MBL0029
20,Mobil,MBL0035
4,Motor,MTR004
70,Mobil,MBL0024
52,Motor,MTR0035
124,Motor,MTR0031
55,Mobil,MBL0016
60,Mobil,MBL0040
6,Motor,MTR0011
86,Mobil,MBL0021
32,Motor,MTR0013
17,Mobil,MBL0028
6,Motor,MTR0028
38,Mobil,MBL0017
20,Mobil,MBL006
49,Motor,MTR005
102,Motor,MTR0011
16,Mobil,MBL0024
9,Motor,MTR0026
1,Motor,MTR0034
79,Motor,MTR006
37,Mobil,MBL0042
77,Mobil,MBL0019
34,Mobil,MBL0022
65,Mobil,MBL0021
107,Motor,MTR0017
17,Mobil,MBL0017
90,Motor,MTR0018
120,Motor,MTR0013
114,Motor,MTR0035
97,Mobil,MBL0020
21,Mobil,MBL0016
24,Mobil,MBL006
16,Mobil,MBL0016
61,Mobil,MBL005
81,Motor,MTR0023
24,Mobil,MBL001
15,Mobil,MBL0020
68,Mobil,MBL0028
105,Mobil,MBL0018
80,Motor,MTR0015
64,Mobil,MBL0036
29,Mobil,MBL0035
54,Motor,MTR0017
45,Motor,MTR0017
92,Motor,MTR0028
11,Mobil,MBL002
17,Mobil,MBL001
33,Mobil,MBL0031
26,Mobil,MBL0022
116,Motor,MTR0021
42,Mobil,MBL0019
114,Motor,MTR0020
31,Mobil,MBL0036
18,Mobil,MBL0011
53,Motor,MTR0036
30,Mobil,MBL0016
28,Mobil,MBL003
124,Motor,MTR008
85,Mobil,MBL005
100,Mobil,MBL007
49,Motor,MTR0033
2,Mobil,MBL0018
20,Mobil,MBL0011
122,Motor,MTR0018
3,Mobil,MBL0036
126,Motor,MTR0016
125,Mobil,MBL008
97,Mobil,MBL003
74,Mobil,MBL0010
119,Mobil,MBL001
77,Mobil,MBL0037
1,Motor,MTR0021
127,Mobil,MBL0041
75,Mobil,MBL0018
73,Mobil,MBL0019
3,Mobil,MBL009
66,Mobil,MBL005
12,Mobil,MBL008
30,Mobil,MBL0024
128,Motor,MTR0030
54,Motor,MTR006
10,Motor,MTR005
128,Motor,MTR0031
123,Mobil,MBL009
74,Mobil,MBL0022
72,Mobil,MBL0037
118,Motor,MTR006
124,Motor,MTR0020
50,Motor,MTR0034
63,Mobil,MBL0019
109,Motor,MTR0024
90,Motor,MTR0031
103,Motor,MTR0034
27,Mobil,MBL0042
128,Motor,MTR004
108,Motor,MTR0011
26,Mobil,MBL0016
85,Mobil,MBL0029
46,Motor,MTR0018
118,Motor,MTR0026
86,Mobil,MBL0037
34,Mobil,MBL005
82,Mobil,MBL001
101,Mobil,MBL004
75,Mobil,MBL001
78,Motor,MTR0021
57,Mobil,MBL0032
7,Mobil,MBL0017
72,Mobil,MBL0030
109,Motor,MTR0021
86,Mobil,MBL0024
47,Motor,MTR0012
8,Motor,MTR0014
6,Motor,MTR0021
60,Mobil,MBL005
33,Mobil,MBL001
101,Mobil,MBL0012
31,Mobil,MBL0035
22,Mobil,MBL0013
4,Motor,MTR0011
14,Mobil,MBL002
89,Mobil,MBL001
12,Mobil,MBL0027
122,Motor,MTR0037
122,Motor,MTR0026
94,Motor,MTR0010
13,Mobil,MBL0014
125,Mobil,MBL009
124,Motor,MTR0012
56,Mobil,MBL0017
95,Motor,MTR0015
36,Mobil,MBL0014
10,Motor,MTR0035
82,Mobil,MBL0038
41,Mobil,MBL0025
6,Motor,MTR0019
36,Mobil,MBL0028
109,Motor,MTR0026
5,Mobil,MBL0033
13,Mobil,MBL0020
88,Mobil,MBL0039
43,Motor,MTR009
17,Mobil,MBL005
116,Motor,MTR0039
105,Mobil,MBL008
15,Mobil,MBL008
99,Motor,MTR0028
9,Motor,MTR004
31,Mobil,MBL0030
106,Motor,MTR0033
85,Mobil,MBL004
50,Motor,MTR0038
112,Motor,MTR0030
62,Motor,MTR0013
19,Mobil,MBL0011
30,Mobil,MBL0037
89,Mobil,MBL0019
44,Motor,MTR0019
46,Motor,MTR0010
26,Mobil,MBL007
63,Mobil,MBL0030
68,Mobil,MBL0014
51,Motor,MTR0035
18,Mobil,MBL0031
62,Motor,MTR0037
75,Mobil,MBL0023
65,Mobil,MBL0012
122,Motor,MTR0017
93,Mobil,MBL0026
11,Mobil,MBL0028
85,Mobil,MBL0024
103,Motor,MTR0010
86,Mobil,MBL001
110,Motor,MTR0019
28,Mobil,MBL0028
27,Mobil,MBL0020
121,Mobil,MBL004
3,Mobil,MBL0030
44,Motor,MTR0017
14,Mobil,MBL0040
47,Motor,MTR0031
116,Motor,MTR009
97,Mobil,MBL007
96,Motor,MTR0020
84,Mobil,MBL003
3,Mobil,MBL001
111,Motor,MTR0016
99,Motor,MTR0026
15,Mobil,MBL0014
105,Mobil,MBL0019
48,Motor,MTR0017
64,Mobil,MBL0028
110,Motor,MTR0025
101,Mobil,MBL0040
88,Mobil,MBL0028
22,Mobil,MBL007
4,Motor,MTR0025
31,Mobil,MBL0017
106,Motor,MTR0027
24,Mobil,MBL0012
20,Mobil,MBL0030
90,Motor,MTR0035
89,Mobil,MBL0035
76,Mobil,MBL0025
31,Mobil,MBL003
4,Motor,MTR0028
33,Mobil,MBL0036
42,Mobil,MBL0029
81,Motor,MTR0037
32,Motor,MTR0030
102,Motor,MTR0021
72,Mobil,MBL0036
53,Motor,MTR0027
37,Mobil,MBL0011
48,Motor,MTR0018
24,Mobil,MBL0024
79,Motor,MTR0035
28,Mobil,MBL0039
70,Mobil,MBL0027
24,Mobil,MBL007
108,Motor,MTR0024
88,Mobil,MBL0036
44,Motor,MTR0022
84,Mobil,MBL0010
88,Mobil,MBL0041
90,Motor,MTR002
73,Mobil,MBL0037
15,Mobil,MBL0031
33,Mobil,MBL003
16,Mobil,MBL009
49,Motor,MTR0038
88,Mobil,MBL008
17,Mobil,MBL0038
68,Mobil,MBL007
52,Motor,MTR0013
36,Mobil,MBL007
39,Mobil,MBL007
57,Mobil,MBL0024
43,Motor,MTR0025
124,Motor,MTR0010
89,Mobil,MBL0033
113,Mobil,MBL0020
14,Mobil,MBL007
77,Mobil,MBL0020
27,Mobil,MBL0012
86,Mobil,MBL008
44,Motor,MTR0029
48,Motor,MTR0011
101,Mobil,MBL0016
67,Mobil,MBL0032
96,Motor,MTR0018
24,Mobil,MBL0015
45,Motor,MTR0018
72,Mobil,MBL0013
79,Motor,MTR0036
39,Mobil,MBL0040
66,Mobil,MBL0016
32,Motor,MTR0033
78,Motor,MTR0025
76,Mobil,MBL0037
58,Mobil,MBL009
89,Mobil,MBL005
127,Mobil,MBL006
12,Mobil,MBL0020
63,Mobil,MBL0042
86,Mobil,MBL0022
63,Mobil,MBL0035
24,Mobil,MBL0019
76,Mobil,MBL0034
118,Motor,MTR0016
68,Mobil,MBL009
103,Motor,MTR005
81,Motor,MTR0017
127,Mobil,MBL0035
9,Motor,MTR009
122,Motor,MTR0034
121,Mobil,MBL0021
73,Mobil,MBL0029
71,Mobil,MBL008
13,Mobil,MBL0039
76,Mobil,MBL002
48,Motor,MTR0019
16,Mobil,MBL0017
95,Motor,MTR0020
81,Motor,MTR0013
74,Mobil,MBL005
91,Mobil,MBL0027
122,Motor,MTR0014
14,Mobil,MBL0011
51,Motor,MTR0031
61,Mobil,MBL0011
122,Motor,MTR0035
94,Motor,MTR006
94,Motor,MTR0024
26,Mobil,MBL0011
117,Mobil,MBL0037
8,Motor,MTR0010
38,Mobil,MBL0033
51,Motor,MTR0014
116,Motor,MTR006
62,Motor,MTR0035
120,Motor,MTR0034
109,Motor,MTR0025
98,Motor,MTR0033
79,Motor,MTR003
90,Motor,MTR0032
20,Mobil,MBL0024
112,Motor,MTR007
126,Motor,MTR0019
62,Motor,MTR007
101,Mobil,MBL0031
113,Mobil,MBL0033
120,Motor,MTR0017
81,Motor,MTR0018
92,Motor,MTR0027
103,Motor,MTR0038
63,Mobil,MBL0040
66,Mobil,MBL009
24,Mobil,MBL0034
71,Mobil,MBL0013
18,Mobil,MBL0033
26,Mobil,MBL0035
96,Motor,MTR002
123,Mobil,MBL0016
18,Mobil,MBL0018
115,Mobil,MBL0035
123,Mobil,MBL0035
39,Mobil,MBL004
83,Mobil,MBL0023
106,Motor,MTR0018
6,Motor,MTR006
76,Mobil,MBL0028
8,Motor,MTR0022
20,Mobil,MBL0039
42,Mobil,MBL0026
104,Mobil,MBL0018
38,Mobil,MBL0010
44,Motor,MTR0026
4,Motor,MTR003
80,Motor,MTR0016
28,Mobil,MBL0033
27,Mobil,MBL0016
61,Mobil,MBL002
110,Motor,MTR003
38,Mobil,MBL0036
4,Motor,MTR0035
92,Motor,MTR0020
27,Mobil,MBL004
95,Motor,MTR0028
84,Mobil,MBL002
14,Mobil,MBL0023
42,Mobil,MBL009
56,Mobil,MBL0033
123,Mobil,MBL004
32,Motor,MTR0019
83,Mobil,MBL0042
61,Mobil,MBL0016
124,Motor,MTR009
32,Motor,MTR0023
103,Motor,MTR0015
51,Motor,MTR001
13,Mobil,MBL0037
107,Motor,MTR0036
25,Mobil,MBL0017
82,Mobil,MBL007
42,Mobil,MBL0031
98,Motor,MTR0011
53,Motor,MTR004
36,Mobil,MBL0011
82,Mobil,MBL0021
113,Mobil,MBL0013
117,Mobil,MBL006
1,Motor,MTR0032
58,Mobil,MBL0040
99,Motor,MTR005
26,Mobil,MBL0025
90,Motor,MTR0026
71,Mobil,MBL0034
74,Mobil,MBL0033
100,Mobil,MBL0029
104,Mobil,MBL0027
38,Mobil,MBL007
125,Mobil,MBL0017
69,Mobil,MBL0026
67,Mobil,MBL0029
122,Motor,MTR0023
105,Mobil,MBL0035
93,Mobil,MBL0031
7,Mobil,MBL0037
94,Motor,MTR0023
9,Motor,MTR0024
73,Mobil,MBL009
65,Mobil,MBL0027
63,Mobil,MBL0010
13,Mobil,MBL0033
14,Mobil,MBL0036
70,Mobil,MBL002
117,Mobil,MBL004
42,Mobil,MBL0037
53,Motor,MTR0037
46,Motor,MTR0035
13,Mobil,MBL001
84,Mobil,MBL0033
7,Mobil,MBL0038
66,Mobil,MBL001
75,Mobil,MBL005
66,Mobil,MBL0029
33,Mobil,MBL0013
48,Motor,MTR0026
126,Motor,MTR0033
75,Mobil,MBL0031
30,Mobil,MBL0033
88,Mobil,MBL0013
110,Motor,MTR0026
80,Motor,MTR0028
55,Mobil,MBL0035
32,Motor,MTR0036
46,Motor,MTR0031
95,Motor,MTR0017
102,Motor,MTR0033
35,Mobil,MBL0028
78,Motor,MTR0016
79,Motor,MTR007
24,Mobil,MBL0037
122,Motor,MTR0016
50,Motor,MTR0029
77,Mobil,MBL007
71,Mobil,MBL003
112,Motor,MTR0023
80,Motor,MTR0036
40,Mobil,MBL009
110,Motor,MTR0015
67,Mobil,MBL004
78,Motor,MTR0027
41,Mobil,MBL0021
40,Mobil,MBL008
51,Motor,MTR0019
85,Mobil,MBL009
31,Mobil,MBL0028
92,Motor,MTR0010
75,Mobil,MBL0025
60,Mobil,MBL0041
28,Mobil,MBL0036
31,Mobil,MBL0026
113,Mobil,MBL0032
74,Mobil,MBL0011
105,Mobil,MBL0033
40,Mobil,MBL0026
104,Mobil,MBL0037
58,Mobil,MBL006
26,Mobil,MBL0020
76,Mobil,MBL0022
54,Motor,MTR0011
73,Mobil,MBL0016
20,Mobil,MBL0025
10,Motor,MTR0015
31,Mobil,MBL0040
96,Motor,MTR0026
33,Mobil,MBL0033
19,Mobil,MBL0023
105,Mobil,MBL0020
4,Motor,MTR0017
87,Mobil,MBL0015
41,Mobil,MBL0011
53,Motor,MTR007
106,Motor,MTR0032
126,Motor,MTR0030
83,Mobil,MBL001
111,Motor,MTR0011
115,Mobil,MBL0023
36,Mobil,MBL0032
127,Mobil,MBL0027
69,Mobil,MBL008
74,Mobil,MBL0012
46,Motor,MTR0014
25,Mobil,MBL001
92,Motor,MTR0012
54,Motor,MTR0035
1,Motor,MTR0015
115,Mobil,MBL0031
24,Mobil,MBL002
15,Mobil,MBL0033
18,Mobil,MBL0032
72,Mobil,MBL0012
38,Mobil,MBL0030
32,Motor,MTR0032
85,Mobil,MBL0037
24,Mobil,MBL0026
54,Motor,MTR003
92,Motor,MTR0021
77,Mobil,MBL0036
21,Mobil,MBL0014
119,Mobil,MBL005
116,Motor,MTR008
41,Mobil,MBL0017
17,Mobil,MBL0014
26,Mobil,MBL0021
105,Mobil,MBL0021
99,Motor,MTR0014
121,Mobil,MBL0011
80,Motor,MTR003
85,Mobil,MBL0040
65,Mobil,MBL0038
106,Motor,MTR0026
100,Mobil,MBL0015
66,Mobil,MBL0022
58,Mobil,MBL0025
9,Motor,MTR0031
49,Motor,MTR0015
71,Mobil,MBL0033
126,Motor,MTR0036
40,Mobil,MBL0040
15,Mobil,MBL0018
38,Mobil,MBL003
19,Mobil,MBL0030
52,Motor,MTR0024
21,Mobil,MBL0030
80,Motor,MTR0013
99,Motor,MTR003
126,Motor,MTR0015
66,Mobil,MBL0024
109,Motor,MTR0023
27,Mobil,MBL0041
38,Mobil,MBL0032
3,Mobil,MBL0021
2,Mobil,MBL0027
62,Motor,MTR0030
12,Mobil,MBL0037
70,Mobil,MBL006
24,Mobil,MBL0040
78,Motor,MTR0024
24,Mobil,MBL003
22,Mobil,MBL0014
38,Mobil,MBL0020
106,Motor,MTR004
27,Mobil,MBL0038
120,Motor,MTR0028
98,Motor,MTR0038
119,Mobil,MBL0018
9,Motor,MTR001
5,Mobil,MBL0025
37,Mobil,MBL0015
62,Motor,MTR006
92,Motor,MTR0016
31,Mobil,MBL0011
101,Mobil,MBL0030
9,Motor,MTR005
19,Mobil,MBL0029
127,Mobil,MBL003
77,Mobil,MBL0013
53,Motor,MTR0022
116,Motor,MTR0014
112,Motor,MTR006
16,Mobil,MBL0030
3,Mobil,MBL0016
94,Motor,MTR0031
56,Mobil,MBL006
25,Mobil,MBL0027
111,Motor,MTR0017
72,Mobil,MBL004
23,Mobil,MBL005
54,Motor,MTR0013
33,Mobil,MBL008
34,Mobil,MBL0024
63,Mobil,MBL001
127,Mobil,MBL0020
4,Motor,MTR0010
54,Motor,MTR0025
33,Mobil,MBL004
59,Mobil,MBL0034
28,Mobil,MBL0020
79,Motor,MTR0011
29,Mobil,MBL0031
2,Mobil,MBL008
102,Motor,MTR0030
116,Motor,MTR0010
97,Mobil,MBL0022
13,Mobil,MBL006
127,Mobil,MBL007
44,Motor,MTR0030
59,Mobil,MBL0037
11,Mobil,MBL0040
66,Mobil,MBL0025
56,Mobil,MBL0010
5,Mobil,MBL0036
36,Mobil,MBL008
28,Mobil,MBL0040
67,Mobil,MBL0035
74,Mobil,MBL009
16,Mobil,MBL0021
31,Mobil,MBL008
72,Mobil,MBL0019
14,Mobil,MBL0026
108,Motor,MTR002
119,Mobil,MBL0042
29,Mobil,MBL009
124,Motor,MTR0039
5,Mobil,MBL0032
122,Motor,MTR0036
32,Motor,MTR0015
92,Motor,MTR007
58,Mobil,MBL0042
5,Mobil,MBL007
121,Mobil,MBL0036
10,Motor,MTR006
2,Mobil,MBL0010
124,Motor,MTR0016
93,Mobil,MBL0040
16,Mobil,MBL0040
98,Motor,MTR0021
93,Mobil,MBL0028
124,Motor,MTR0038
31,Mobil,MBL0029
92,Motor,MTR003
4,Motor,MTR0019
125,Mobil,MBL0034
127,Mobil,MBL0038
59,Mobil,MBL002
81,Motor,MTR0025
8,Motor,MTR0024
91,Mobil,MBL0035
99,Motor,MTR007
62,Motor,MTR009
3,Mobil,MBL0019
9,Motor,MTR0018
47,Motor,MTR0032
2,Mobil,MBL0036
56,Mobil,MBL0030
125,Mobil,MBL0032
17,Mobil,MBL0015
75,Mobil,MBL0029
59,Mobil,MBL0040
119,Mobil,MBL002
81,Motor,MTR001
61,Mobil,MBL0042
80,Motor,MTR0034
120,Motor,MTR006
33,Mobil,MBL0037
56,Mobil,MBL0034
43,Motor,MTR0015
58,Mobil,MBL0036
4,Motor,MTR005
35,Mobil,MBL0013
29,Mobil,MBL005
44,Motor,MTR0032
100,Mobil,MBL0024
60,Mobil,MBL002
120,Motor,MTR002
13,Mobil,MBL003
111,Motor,MTR0031
92,Motor,MTR0013
120,Motor,MTR0035
65,Mobil,MBL009
50,Motor,MTR0018
5,Mobil,MBL002
102,Motor,MTR0032
11,Mobil,MBL006
75,Mobil,MBL0011
106,Motor,MTR0031
122,Motor,MTR003
17,Mobil,MBL0023
13,Mobil,MBL0011
35,Mobil,MBL0023
118,Motor,MTR0017
18,Mobil,MBL0022
112,Motor,MTR0014
10,Motor,MTR0013
88,Mobil,MBL0032
109,Motor,MTR0016
101,Mobil,MBL0017
106,Motor,MTR0020
98,Motor,MTR0026
57,Mobil,MBL0021
52,Motor,MTR0014
101,Mobil,MBL0013
59,Mobil,MBL0013
32,Motor,MTR002
50,Motor,MTR002
98,Motor,MTR0028
56,Mobil,MBL005
98,Motor,MTR0017
58,Mobil,MBL0019
82,Mobil,MBL003
15,Mobil,MBL009
2,Mobil,MBL0030
94,Motor,MTR007
43,Motor,MTR0013
65,Mobil,MBL0041
9,Motor,MTR0017
49,Motor,MTR006
10,Motor,MTR0033
59,Mobil,MBL0014
110,Motor,MTR001
39,Mobil,MBL0031
71,Mobil,MBL004
54,Motor,MTR0036
78,Motor,MTR006
107,Motor,MTR006
64,Mobil,MBL003
36,Mobil,MBL0019
73,Mobil,MBL0036
12,Mobil,MBL0041
22,Mobil,MBL0010
3,Mobil,MBL0018
57,Mobil,MBL0040
44,Motor,MTR007
59,Mobil,MBL0011
13,Mobil,MBL009
123,Mobil,MBL003
73,Mobil,MBL0013
72,Mobil,MBL0023
94,Motor,MTR0038
114,Motor,MTR0036
30,Mobil,MBL0041
125,Mobil,MBL0033
92,Motor,MTR009
71,Mobil,MBL0014
76,Mobil,MBL0012
55,Mobil,MBL0042
99,Motor,MTR0033
73,Mobil,MBL0040
98,Motor,MTR0025
121,Mobil,MBL0019
56,Mobil,MBL0028
38,Mobil,MBL0021
1,Motor,MTR0019
5,Mobil,MBL0034
93,Mobil,MBL0016
126,Motor,MTR005
72,Mobil,MBL0025
14,Mobil,MBL0014
112,Motor,MTR0012
9,Motor,MTR0019
120,Motor,MTR008
20,Mobil,MBL0010
56,Mobil,MBL008
71,Mobil,MBL0031
75,Mobil,MBL0012
80,Motor,MTR0038
103,Motor,MTR007
111,Motor,MTR0029
3,Mobil,MBL0022
34,Mobil,MBL0031
125,Mobil,MBL006
76,Mobil,MBL0011
59,Mobil,MBL0023
84,Mobil,MBL0024
59,Mobil,MBL005
92,Motor,MTR0026
86,Mobil,MBL0019
26,Mobil,MBL0034
13,Mobil,MBL0032
11,Mobil,MBL0039
21,Mobil,MBL001
57,Mobil,MBL0037
79,Motor,MTR0012
6,Motor,MTR007
57,Mobil,MBL0039
112,Motor,MTR0017
78,Motor,MTR0034
56,Mobil,MBL009
42,Mobil,MBL002
66,Mobil,MBL003
75,Mobil,MBL004
34,Mobil,MBL0017
82,Mobil,MBL0019
123,Mobil,MBL005
31,Mobil,MBL0037
49,Motor,MTR004
17,Mobil,MBL0040
59,Mobil,MBL0033
115,Mobil,MBL0012
60,Mobil,MBL0036
15,Mobil,MBL006
66,Mobil,MBL0014
104,Mobil,MBL0036
83,Mobil,MBL0031
69,Mobil,MBL009
16,Mobil,MBL0022
106,Motor,MTR0017
47,Motor,MTR0029
88,Mobil,MBL0029
53,Motor,MTR0017
102,Motor,MTR0023
64,Mobil,MBL006
101,Mobil,MBL0011
69,Mobil,MBL0011
109,Motor,MTR0034
16,Mobil,MBL001
62,Motor,MTR0029
68,Mobil,MBL0033
36,Mobil,MBL0025
88,Mobil,MBL0031
44,Motor,MTR002
113,Mobil,MBL0029
2,Mobil,MBL0042
89,Mobil,MBL0037
16,Mobil,MBL0012
103,Motor,MTR002
80,Motor,MTR0031
119,Mobil,MBL008
58,Mobil,MBL0041
118,Motor,MTR0029
44,Motor,MTR0028
88,Mobil,MBL0038
30,Mobil,MBL004
14,Mobil,MBL0012
43,Motor,MTR0035
121,Mobil,MBL0035
79,Motor,MTR0018
104,Mobil,MBL0026
119,Mobil,MBL0014
69,Mobil,MBL0040
48,Motor,MTR0010
13,Mobil,MBL0026
14,Mobil,MBL0029
124,Motor,MTR0024
127,Mobil,MBL0012
39,Mobil,MBL0027
63,Mobil,MBL0029
23,Mobil,MBL0034
65,Mobil,MBL0010
59,Mobil,MBL0021
55,Mobil,MBL0024
121,Mobil,MBL0040
81,Motor,MTR007
6,Motor,MTR0018
65,Mobil,MBL006
117,Mobil,MBL008
15,Mobil,MBL0021
72,Mobil,MBL0022
122,Motor,MTR0030
12,Mobil,MBL0031
121,Mobil,MBL0026
5,Mobil,MBL0029
119,Mobil,MBL0024
31,Mobil,MBL0023
48,Motor,MTR005
17,Mobil,MBL009
78,Motor,MTR009
51,Motor,MTR0030
69,Mobil,MBL0036
31,Mobil,MBL004
105,Mobil,MBL001
115,Mobil,MBL009
121,Mobil,MBL009
40,Mobil,MBL0028
83,Mobil,MBL0018
95,Motor,MTR0039
94,Motor,MTR0029
27,Mobil,MBL0034
23,Mobil,MBL0023
109,Motor,MTR0022
51,Motor,MTR0015
114,Motor,MTR0022
44,Motor,MTR004
27,Mobil,MBL007
84,Mobil,MBL0020
114,Motor,MTR0027
1,Motor,MTR009
23,Mobil,MBL007
125,Mobil,MBL0016
72,Mobil,MBL0040
3,Mobil,MBL007
76,Mobil,MBL0040
37,Mobil,MBL0016
60,Mobil,MBL0015
124,Motor,MTR0017
124,Motor,MTR0013
7,Mobil,MBL0040
121,Mobil,MBL0025
53,Motor,MTR0011
19,Mobil,MBL0016
9,Motor,MTR006
44,Motor,MTR0024
118,Motor,MTR0037
75,Mobil,MBL0014
56,Mobil,MBL0031
35,Mobil,MBL009
93,Mobil,MBL0021
49,Motor,MTR003
100,Mobil,MBL0023
12,Mobil,MBL0025
119,Mobil,MBL0033
2,Mobil,MBL004
101,Mobil,MBL0026
50,Motor,MTR0026
71,Mobil,MBL0010
117,Mobil,MBL0024
115,Mobil,MBL0034
98,Motor,MTR005
91,Mobil,MBL0013
102,Motor,MTR002
55,Mobil,MBL0010
122,Motor,MTR0020
58,Mobil,MBL0020
124,Motor,MTR0033
71,Mobil,MBL0042
99,Motor,MTR0018
94,Motor,MTR002
89,Mobil,MBL0026
21,Mobil,MBL0033
120,Motor,MTR003
74,Mobil,MBL0036
83,Mobil,MBL0035
48,Motor,MTR002
88,Mobil,MBL004
13,Mobil,MBL0016
117,Mobil,MBL003
92,Motor,MTR0033
89,Mobil,MBL0042
82,Mobil,MBL0010
95,Motor,MTR0011
60,Mobil,MBL0018
62,Motor,MTR0036
4,Motor,MTR002
30,Mobil,MBL005
43,Motor,MTR0033
65,Mobil,MBL0016
81,Motor,MTR0020
61,Mobil,MBL003
81,Motor,MTR0035
119,Mobil,MBL0010
89,Mobil,MBL0024
51,Motor,MTR0028
38,Mobil,MBL005
51,Motor,MTR0012
27,Mobil,MBL0033
127,Mobil,MBL0018
21,Mobil,MBL0017
32,Motor,MTR0035
114,Motor,MTR006
85,Mobil,MBL0020
78,Motor,MTR0031
64,Mobil,MBL0016
64,Mobil,MBL0025
35,Mobil,MBL0014
23,Mobil,MBL0021
59,Mobil,MBL0027
15,Mobil,MBL0028
97,Mobil,MBL002
27,Mobil,MBL0031
33,Mobil,MBL007
57,Mobil,MBL0031
25,Mobil,MBL007
96,Motor,MTR0039
126,Motor,MTR0022
25,Mobil,MBL0033
35,Mobil,MBL007
82,Mobil,MBL0020
101,Mobil,MBL008
127,Mobil,MBL0032
71,Mobil,MBL0029
52,Motor,MTR0030
111,Motor,MTR0035
82,Mobil,MBL0027
8,Motor,MTR008
60,Mobil,MBL009
48,Motor,MTR003
23,Mobil,MBL0010
30,Mobil,MBL0022
91,Mobil,MBL003
27,Mobil,MBL0024
117,Mobil,MBL0018
75,Mobil,MBL0027
100,Mobil,MBL001
104,Mobil,MBL0014
54,Motor,MTR0038
99,Motor,MTR0029
91,Mobil,MBL007
6,Motor,MTR0020
3,Mobil,MBL0012
77,Mobil,MBL0016
5,Mobil,MBL008
38,Mobil,MBL0042
26,Mobil,MBL0010
44,Motor,MTR0014
73,Mobil,MBL0015
25,Mobil,MBL005
59,Mobil,MBL0016
78,Motor,MTR0035
37,Mobil,MBL0041
72,Mobil,MBL002
1,Motor,MTR0012
27,Mobil,MBL0026
87,Mobil,MBL0038
25,Mobil,MBL0038
85,Mobil,MBL0022
19,Mobil,MBL0042
102,Motor,MTR0031
126,Motor,MTR0037
64,Mobil,MBL004
121,Mobil,MBL002
47,Motor,MTR006
31,Mobil,MBL0039
23,Mobil,MBL0036
19,Mobil,MBL0025
63,Mobil,MBL006
27,Mobil,MBL0032
16,Mobil,MBL005
107,Motor,MTR0037
77,Mobil,MBL0030
125,Mobil,MBL0015
10,Motor,MTR0039
91,Mobil,MBL009
100,Mobil,MBL0022
85,Mobil,MBL0011
80,Motor,MTR0039
27,Mobil,MBL0025
56,Mobil,MBL0025
91,Mobil,MBL0034
124,Motor,MTR0035
45,Motor,MTR0031
53,Motor,MTR0030
25,Mobil,MBL0029
113,Mobil,MBL0028
112,Motor,MTR005
86,Mobil,MBL006
128,Motor,MTR0012
93,Mobil,MBL008
99,Motor,MTR0031
23,Mobil,MBL0016
120,Motor,MTR0024
81,Motor,MTR002
66,Mobil,MBL0011
55,Mobil,MBL0039
123,Mobil,MBL0022
65,Mobil,MBL003
106,Motor,MTR0029
28,Mobil,MBL0038
62,Motor,MTR002
38,Mobil,MBL004
120,Motor,MTR0022
99,Motor,MTR0012
2,Mobil,MBL0016
44,Motor,MTR0027
58,Mobil,MBL0033
104,Mobil,MBL0012
5,Mobil,MBL0027
104,Mobil,MBL0033
102,Motor,MTR005
105,Mobil,MBL0011
60,Mobil,MBL0023
26,Mobil,MBL0040
67,Mobil,MBL0041
49,Motor,MTR0022
35,Mobil,MBL0031
72,Mobil,MBL0015
48,Motor,MTR001
95,Motor,MTR0022
48,Motor,MTR0035
50,Motor,MTR0037
100,Mobil,MBL0021
38,Mobil,MBL001
50,Motor,MTR0013
128,Motor,MTR001
47,Motor,MTR0025
84,Mobil,MBL0018
41,Mobil,MBL0016
75,Mobil,MBL0032
19,Mobil,MBL0028
58,Mobil,MBL003
99,Motor,MTR0022
44,Motor,MTR0012
27,Mobil,MBL0037
40,Mobil,MBL0017
7,Mobil,MBL0031
84,Mobil,MBL0017
37,Mobil,MBL002
67,Mobil,MBL0039
52,Motor,MTR0010
68,Mobil,MBL0038
36,Mobil,MBL006
55,Mobil,MBL001
52,Motor,MTR001
70,Mobil,MBL0016
60,Mobil,MBL0025
22,Mobil,MBL0028
85,Mobil,MBL007
29,Mobil,MBL0040
107,Motor,MTR002
99,Motor,MTR0032
127,Mobil,MBL0025
6,Motor,MTR0032
37,Mobil,MBL0018
49,Motor,MTR0025
2,Mobil,MBL0019
94,Motor,MTR0033
10,Motor,MTR0024
16,Mobil,MBL0018
52,Motor,MTR0023
105,Mobil,MBL0026
28,Mobil,MBL0030
113,Mobil,MBL0023
87,Mobil,MBL004
93,Mobil,MBL0027
73,Mobil,MBL0035
3,Mobil,MBL0037
41,Mobil,MBL0030
86,Mobil,MBL0029
60,Mobil,MBL0014
54,Motor,MTR0012
103,Motor,MTR0016
121,Mobil,MBL006
99,Motor,MTR0035
123,Mobil,MBL0023
111,Motor,MTR0034
16,Mobil,MBL0019
58,Mobil,MBL0010
92,Motor,MTR0030
45,Motor,MTR0011
64,Mobil,MBL0017
74,Mobil,MBL0015
16,Mobil,MBL0023
123,Mobil,MBL0042
64,Mobil,MBL0030
53,Motor,MTR0028
69,Mobil,MBL0020
58,Mobil,MBL0035
122,Motor,MTR0024
117,Mobil,MBL0032
18,Mobil,MBL0023
7,Mobil,MBL0030
105,Mobil,MBL002
101,Mobil,MBL0024
120,Motor,MTR0011
42,Mobil,MBL0040
10,Motor,MTR0022
53,Motor,MTR0038
69,Mobil,MBL0035
18,Mobil,MBL0030
71,Mobil,MBL0026
29,Mobil,MBL007
97,Mobil,MBL0016
13,Mobil,MBL008
54,Motor,MTR0039
110,Motor,MTR009
38,Mobil,MBL0035
105,Mobil,MBL0027
31,Mobil,MBL0024
38,Mobil,MBL0013
113,Mobil,MBL008
13,Mobil,MBL0028
85,Mobil,MBL0025
26,Mobil,MBL003
93,Mobil,MBL0037
33,Mobil,MBL005
32,Motor,MTR0029
120,Motor,MTR004
52,Motor,MTR0025
96,Motor,MTR005
19,Mobil,MBL003
111,Motor,MTR0033
118,Motor,MTR0033
128,Motor,MTR0038
8,Motor,MTR0025
111,Motor,MTR0010
14,Mobil,MBL004
76,Mobil,MBL0036
15,Mobil,MBL0037
115,Mobil,MBL0015
87,Mobil,MBL0031
89,Mobil,MBL0041
7,Mobil,MBL0042
77,Mobil,MBL0042
95,Motor,MTR0012
2,Mobil,MBL0020
128,Motor,MTR0017
50,Motor,MTR0015
7,Mobil,MBL0039
9,Motor,MTR0012
101,Mobil,MBL002
110,Motor,MTR0010
34,Mobil,MBL001
49,Motor,MTR0030
128,Motor,MTR009
69,Mobil,MBL0029
84,Mobil,MBL0011
17,Mobil,MBL0013
52,Motor,MTR0015
28,Mobil,MBL0042
19,Mobil,MBL0039
106,Motor,MTR006
68,Mobil,MBL0032
24,Mobil,MBL008
12,Mobil,MBL0012
69,Mobil,MBL0021
115,Mobil,MBL0017
73,Mobil,MBL0042
86,Mobil,MBL0013
11,Mobil,MBL0014
37,Mobil,MBL006
42,Mobil,MBL0028
114,Motor,MTR008
108,Motor,MTR0034
83,Mobil,MBL0039
13,Mobil,MBL0022
73,Mobil,MBL006
113,Mobil,MBL0025
59,Mobil,MBL0024
15,Mobil,MBL0042
34,Mobil,MBL008
39,Mobil,MBL0030
79,Motor,MTR0026
125,Mobil,MBL0037
111,Motor,MTR0027
128,Motor,MTR0025
112,Motor,MTR0039
108,Motor,MTR0030
110,Motor,MTR008
92,Motor,MTR0029
105,Mobil,MBL0013
113,Mobil,MBL0019
64,Mobil,MBL0024
67,Mobil,MBL0030
78,Motor,MTR0018
62,Motor,MTR0011
21,Mobil,MBL0042
107,Motor,MTR0026
15,Mobil,MBL0032
117,Mobil,MBL0020
109,Motor,MTR0037
42,Mobil,MBL0018
73,Mobil,MBL0012
91,Mobil,MBL001
102,Motor,MTR0024
27,Mobil,MBL0013
64,Mobil,MBL0011
76,Mobil,MBL0031
31,Mobil,MBL0027
88,Mobil,MBL0019
121,Mobil,MBL0015
67,Mobil,MBL0024
37,Mobil,MBL0025
89,Mobil,MBL0017
83,Mobil,MBL0024
82,Mobil,MBL0011
10,Motor,MTR003
88,Mobil,MBL0033
118,Motor,MTR0025
118,Motor,MTR008
126,Motor,MTR0038
125,Mobil,MBL004
64,Mobil,MBL005
101,Mobil,MBL0025
40,Mobil,MBL0037
25,Mobil,MBL002
53,Motor,MTR0020
46,Motor,MTR0033
63,Mobil,MBL0031
126,Motor,MTR0035
31,Mobil,MBL0018
99,Motor,MTR0010
74,Mobil,MBL0024
85,Mobil,MBL0017
124,Motor,MTR004
37,Mobil,MBL001
41,Mobil,MBL0015
95,Motor,MTR007
75,Mobil,MBL0017
44,Motor,MTR0023
93,Mobil,MBL0029
110,Motor,MTR0033
40,Mobil,MBL0013
104,Mobil,MBL0022
4,Motor,MTR0014
57,Mobil,MBL0017
6,Motor,MTR0026
96,Motor,MTR0024
38,Mobil,MBL0024
126,Motor,MTR004
29,Mobil,MBL0011
115,Mobil,MBL0024
78,Motor,MTR008
125,Mobil,MBL0013
107,Motor,MTR0024
87,Mobil,MBL007
59,Mobil,MBL008
21,Mobil,MBL0029
81,Motor,MTR0011
97,Mobil,MBL0035
3,Mobil,MBL0032
107,Motor,MTR0018
128,Motor,MTR0029
72,Mobil,MBL0042
80,Motor,MTR0012
117,Mobil,MBL0040
82,Mobil,MBL0039
30,Mobil,MBL0019
111,Motor,MTR0022
106,Motor,MTR0011
111,Motor,MTR0024
76,Mobil,MBL0013
128,Motor,MTR0034
72,Mobil,MBL007
124,Motor,MTR0021
18,Mobil,MBL0019
33,Mobil,MBL0019
11,Mobil,MBL0023
46,Motor,MTR0011
1,Motor,MTR0018
45,Motor,MTR002
18,Mobil,MBL0038
44,Motor,MTR0018
47,Motor,MTR0019
94,Motor,MTR0039
97,Mobil,MBL0028
118,Motor,MTR0023
36,Mobil,MBL005
108,Motor,MTR004
52,Motor,MTR002
85,Mobil,MBL002
49,Motor,MTR0020
115,Mobil,MBL0042
89,Mobil,MBL0018
113,Mobil,MBL001
81,Motor,MTR009
31,Mobil,MBL0032
71,Mobil,MBL0025
9,Motor,MTR0013
30,Mobil,MBL0017
98,Motor,MTR009
38,Mobil,MBL0015
110,Motor,MTR0012
46,Motor,MTR0029
83,Mobil,MBL007
56,Mobil,MBL0020
69,Mobil,MBL0041
126,Motor,MTR006
127,Mobil,MBL0040
101,Mobil,MBL003
87,Mobil,MBL0024
71,Mobil,MBL0022
17,Mobil,MBL0012
65,Mobil,MBL0031
125,Mobil,MBL0011
57,Mobil,MBL0034
77,Mobil,MBL0038
4,Motor,MTR0032
62,Motor,MTR004
7,Mobil,MBL0018
86,Mobil,MBL0036
96,Motor,MTR0030
100,Mobil,MBL0041
73,Mobil,MBL0027
18,Mobil,MBL0017
34,Mobil,MBL006
7,Mobil,MBL0025
6,Motor,MTR0013
26,Mobil,MBL0029
45,Motor,MTR006
42,Mobil,MBL0042
54,Motor,MTR0033
32,Motor,MTR005
4,Motor,MTR0024
113,Mobil,MBL005
27,Mobil,MBL0018
68,Mobil,MBL0012
85,Mobil,MBL0016
28,Mobil,MBL0037
101,Mobil,MBL009
45,Motor,MTR0025
55,Mobil,MBL0020
126,Motor,MTR0039
106,Motor,MTR003
106,Motor,MTR0025
4,Motor,MTR0016
81,Motor,MTR0030
18,Mobil,MBL0016
53,Motor,MTR0021
111,Motor,MTR0025
42,Mobil,MBL0035
